#
# There is insufficient memory for the Java Runtime Environment to continue.
# Native memory allocation (malloc) failed to allocate 1623440 bytes. Error detail: Chunk::new
# Possible reasons:
#   The system is out of physical RAM or swap space
#   This process is running with CompressedOops enabled, and the Java Heap may be blocking the growth of the native heap
# Possible solutions:
#   Reduce memory load on the system
#   Increase physical memory or swap space
#   Check if swap backing store is full
#   Decrease Java heap size (-Xmx/-Xms)
#   Decrease number of Java threads
#   Decrease Java thread stack sizes (-Xss)
#   Set larger code cache with -XX:ReservedCodeCacheSize=
#   JVM is running with Unscaled Compressed Oops mode in which the Java heap is
#     placed in the first 4GB address space. The Java Heap base address is the
#     maximum limit for the native heap growth. Please use -XX:HeapBaseMinAddress
#     to set the Java Heap base and to place the Java Heap above 4GB virtual address.
# This output file may be truncated or incomplete.
#
#  Out of Memory Error (arena.cpp:191), pid=23408, tid=13620
#
# JRE version: OpenJDK Runtime Environment Temurin-17.0.16+8 (17.0.16+8) (build 17.0.16+8)
# Java VM: OpenJDK 64-Bit Server VM Temurin-17.0.16+8 (17.0.16+8, mixed mode, sharing, tiered, compressed oops, compressed class ptrs, g1 gc, windows-amd64)
# No core dump will be written. Minidumps are not enabled by default on client versions of Windows
#

---------------  S U M M A R Y ------------

Command Line: --add-opens=java.base/java.lang=ALL-UNNAMED --add-opens=java.base/java.lang.invoke=ALL-UNNAMED --add-opens=java.base/java.util=ALL-UNNAMED --add-opens=java.prefs/java.util.prefs=ALL-UNNAMED --add-exports=jdk.compiler/com.sun.tools.javac.api=ALL-UNNAMED --add-exports=jdk.compiler/com.sun.tools.javac.util=ALL-UNNAMED --add-opens=java.base/java.util=ALL-UNNAMED --add-opens=java.prefs/java.util.prefs=ALL-UNNAMED --add-opens=java.base/java.nio.charset=ALL-UNNAMED --add-opens=java.base/java.net=ALL-UNNAMED --add-opens=java.base/java.util.concurrent=ALL-UNNAMED --add-opens=java.base/java.util.concurrent.atomic=ALL-UNNAMED --add-opens=java.xml/javax.xml.namespace=ALL-UNNAMED -XX:MaxMetaspaceSize=512m -Xmx2048m -Dfile.encoding=windows-1252 -Duser.country=US -Duser.language=en -Duser.variant -javaagent:C:\Users\Sunny\.gradle\wrapper\dists\gradle-9.0.0-bin\d6wjpkvcgsg3oed0qlfss3wgl\gradle-9.0.0\lib\agents\gradle-instrumentation-agent-9.0.0.jar org.gradle.launcher.daemon.bootstrap.GradleDaemon 9.0.0

Host: AMD Ryzen 5 3500U with Radeon Vega Mobile Gfx  , 8 cores, 13G,  Windows 11 , 64 bit Build 26100 (10.0.26100.7309)
Time: Fri Jan  9 23:50:51 2026 Pakistan Standard Time elapsed time: 120.017124 seconds (0d 0h 2m 0s)

---------------  T H R E A D  ---------------

Current thread (0x000001d3f89545d0):  JavaThread "C2 CompilerThread1" daemon [_thread_in_native, id=13620, stack(0x0000003edf500000,0x0000003edf600000)]


Current CompileTask:
C2: 120017 18636       4       org.gradle.api.internal.artifacts.ivyservice.resolveengine.artifact.DefaultResolvedVariantSet::transformCandidate (14 bytes)

Stack: [0x0000003edf500000,0x0000003edf600000]
Native frames: (J=compiled Java code, j=interpreted, Vv=VM code, C=native code)
V  [jvm.dll+0x683169]
V  [jvm.dll+0x839ac8]
V  [jvm.dll+0x83b573]
V  [jvm.dll+0x83bbe3]
V  [jvm.dll+0x2473ff]
V  [jvm.dll+0xace94]
V  [jvm.dll+0xad52c]
V  [jvm.dll+0x365e0e]
V  [jvm.dll+0x1ba9c3]
V  [jvm.dll+0x218477]
V  [jvm.dll+0x21775f]
V  [jvm.dll+0x1a32a0]
V  [jvm.dll+0x227b3c]
V  [jvm.dll+0x225ccb]
V  [jvm.dll+0x7ef2d8]
V  [jvm.dll+0x7e979c]
V  [jvm.dll+0x682047]
C  [ucrtbase.dll+0x37b0]
C  [KERNEL32.DLL+0x2e8d7]
C  [ntdll.dll+0x8c53c]


---------------  P R O C E S S  ---------------

Threads class SMR info:
_java_thread_list=0x000001d3fd9b6460, length=147, elements={
0x000001d3d1c96a40, 0x000001d3f2152db0, 0x000001d3f2155300, 0x000001d3f216d3b0,
0x000001d3f216de80, 0x000001d3f2172770, 0x000001d3f2173040, 0x000001d3f21767c0,
0x000001d3f217d3f0, 0x000001d3f217e870, 0x000001d3f1ade740, 0x000001d3f2389da0,
0x000001d3f2b49560, 0x000001d3f29d7ab0, 0x000001d3f23aa340, 0x000001d3f2246490,
0x000001d3f759bdb0, 0x000001d3f7ca9df0, 0x000001d3f7ca84a0, 0x000001d3f7ca89b0,
0x000001d3f7caa300, 0x000001d3f7ca98e0, 0x000001d3f7caa810, 0x000001d3f7ca93d0,
0x000001d3f7ca7060, 0x000001d3f8b27060, 0x000001d3f8b2ad20, 0x000001d3f8b284a0,
0x000001d3f8b298e0, 0x000001d3f8b27a80, 0x000001d3f8b29df0, 0x000001d3f8b2b740,
0x000001d3f8b28ec0, 0x000001d3f8b2b230, 0x000001d3f8b293d0, 0x000001d3f8b27f90,
0x000001d3f8b2bc50, 0x000001d3f8b2d090, 0x000001d3f8b2dfc0, 0x000001d3f8b2e9e0,
0x000001d3f8b2e4d0, 0x000001d3f8b2c160, 0x000001d3f8b2cb80, 0x000001d3fa546cd0,
0x000001d3fa5471e0, 0x000001d3fa543a30, 0x000001d3fa5462b0, 0x000001d3fa5467c0,
0x000001d3fa544450, 0x000001d3fa545da0, 0x000001d3fa5476f0, 0x000001d3fa543f40,
0x000001d3fa547c00, 0x000001d3fa544e70, 0x000001d3fa548110, 0x000001d3fa544960,
0x000001d3fa548620, 0x000001d3fa548b30, 0x000001d3fa545380, 0x000001d3fa549040,
0x000001d3fa545890, 0x000001d3fa54a990, 0x000001d3fa549a60, 0x000001d3fa54a480,
0x000001d3fb2007c0, 0x000001d3fb200cd0, 0x000001d3fb1fee70, 0x000001d3fb1ff380,
0x000001d3fb2011e0, 0x000001d3fb1fdf40, 0x000001d3fb1fda30, 0x000001d3fb203040,
0x000001d3fb202620, 0x000001d3fb2053b0, 0x000001d3fb203a60, 0x000001d3fb203f70,
0x000001d3fb204990, 0x000001d3fb203550, 0x000001d3fb204480, 0x000001d3fb204ea0,
0x000001d3fc7b9640, 0x000001d3fc7b72d0, 0x000001d3fc7b9130, 0x000001d3fc7b8710,
0x000001d3fc7b9b50, 0x000001d3fc7ba060, 0x000001d3fc7b6dc0, 0x000001d3fc7b77e0,
0x000001d3fc7ba570, 0x000001d3fc7baa80, 0x000001d3fc7baf90, 0x000001d3fc7b8c20,
0x000001d3fc7bb4a0, 0x000001d3fc7b7cf0, 0x000001d3fc7bb9b0, 0x000001d3fc7b8200,
0x000001d3fc7bc8e0, 0x000001d3fc7bbec0, 0x000001d3fc7bcdf0, 0x000001d3fc7bc3d0,
0x000001d3fc7bd810, 0x000001d3fc7bdd20, 0x000001d3fc7be230, 0x000001d3fc7be740,
0x000001d3f91255a0, 0x000001d3f9124b80, 0x000001d3f91264d0, 0x000001d3f9125fc0,
0x000001d3f9125090, 0x000001d3f9127910, 0x000001d3f9125ab0, 0x000001d3f9126ef0,
0x000001d3f9124670, 0x000001d3f91269e0, 0x000001d3f9127400, 0x000001d3f9124160,
0x000001d3f89d2340, 0x000001d3f89d3270, 0x000001d3f89d3c90, 0x000001d3f89d1920,
0x000001d3f89d2850, 0x000001d3f89d4bc0, 0x000001d3f89d2d60, 0x000001d3f89d46b0,
0x000001d3f89d1410, 0x000001d3f89d50d0, 0x000001d3f89d55e0, 0x000001d3f89d41a0,
0x000001d3f89d1e30, 0x000001d3f89d3780, 0x000001d3f89d7440, 0x000001d3f89d8370,
0x000001d3f89d8880, 0x000001d3f89d8d90, 0x000001d3f89d5af0, 0x000001d3f89d6000,
0x000001d3f89d6510, 0x000001d3fbce5e20, 0x000001d3fbce6330, 0x000001d3fbce5910,
0x000001d3fbce4ef0, 0x000001d3fbce7770, 0x000001d3fbce7c80, 0x000001d3fbce44d0,
0x000001d3fb202b30, 0x000001d3f89d6f30, 0x000001d3f89545d0
}

Java Threads: ( => current thread )
  0x000001d3d1c96a40 JavaThread "main" [_thread_blocked, id=22056, stack(0x0000003ed9a00000,0x0000003ed9b00000)]
  0x000001d3f2152db0 JavaThread "Reference Handler" daemon [_thread_blocked, id=8984, stack(0x0000003eda100000,0x0000003eda200000)]
  0x000001d3f2155300 JavaThread "Finalizer" daemon [_thread_blocked, id=21640, stack(0x0000003eda200000,0x0000003eda300000)]
  0x000001d3f216d3b0 JavaThread "Signal Dispatcher" daemon [_thread_blocked, id=4472, stack(0x0000003eda300000,0x0000003eda400000)]
  0x000001d3f216de80 JavaThread "Attach Listener" daemon [_thread_blocked, id=5952, stack(0x0000003eda400000,0x0000003eda500000)]
  0x000001d3f2172770 JavaThread "Service Thread" daemon [_thread_blocked, id=12508, stack(0x0000003eda500000,0x0000003eda600000)]
  0x000001d3f2173040 JavaThread "Monitor Deflation Thread" daemon [_thread_blocked, id=4476, stack(0x0000003eda600000,0x0000003eda700000)]
  0x000001d3f21767c0 JavaThread "C2 CompilerThread0" daemon [_thread_in_native, id=21252, stack(0x0000003eda700000,0x0000003eda800000)]
  0x000001d3f217d3f0 JavaThread "C1 CompilerThread0" daemon [_thread_blocked, id=21768, stack(0x0000003eda800000,0x0000003eda900000)]
  0x000001d3f217e870 JavaThread "Sweeper thread" daemon [_thread_blocked, id=21168, stack(0x0000003eda900000,0x0000003edaa00000)]
  0x000001d3f1ade740 JavaThread "Common-Cleaner" daemon [_thread_blocked, id=7080, stack(0x0000003edaa00000,0x0000003edab00000)]
  0x000001d3f2389da0 JavaThread "Notification Thread" daemon [_thread_blocked, id=8948, stack(0x0000003edab00000,0x0000003edac00000)]
  0x000001d3f2b49560 JavaThread "Daemon health stats" [_thread_blocked, id=9688, stack(0x0000003edad00000,0x0000003edae00000)]
  0x000001d3f29d7ab0 JavaThread "Incoming local TCP Connector on port 59472" [_thread_in_native, id=23236, stack(0x0000003edae00000,0x0000003edaf00000)]
  0x000001d3f23aa340 JavaThread "Daemon periodic checks" [_thread_blocked, id=19360, stack(0x0000003edb300000,0x0000003edb400000)]
  0x000001d3f2246490 JavaThread "Daemon" [_thread_blocked, id=14364, stack(0x0000003edb400000,0x0000003edb500000)]
  0x000001d3f759bdb0 JavaThread "Handler for socket connection from /127.0.0.1:59472 to /127.0.0.1:59473" [_thread_in_native, id=4528, stack(0x0000003edb500000,0x0000003edb600000)]
  0x000001d3f7ca9df0 JavaThread "Cancel handler" [_thread_blocked, id=9048, stack(0x0000003edb600000,0x0000003edb700000)]
  0x000001d3f7ca84a0 JavaThread "Daemon worker" [_thread_blocked, id=22432, stack(0x0000003edb700000,0x0000003edb800000)]
  0x000001d3f7ca89b0 JavaThread "Asynchronous log dispatcher for DefaultDaemonConnection: socket connection from /127.0.0.1:59472 to /127.0.0.1:59473" [_thread_blocked, id=5008, stack(0x0000003edb800000,0x0000003edb900000)]
  0x000001d3f7caa300 JavaThread "Stdin handler" [_thread_blocked, id=10304, stack(0x0000003edb900000,0x0000003edba00000)]
  0x000001d3f7ca98e0 JavaThread "Daemon client event forwarder" [_thread_blocked, id=21556, stack(0x0000003edba00000,0x0000003edbb00000)]
  0x000001d3f7caa810 JavaThread "Cache worker for journal cache (C:\Users\Sunny\.gradle\caches\journal-1)" [_thread_blocked, id=12968, stack(0x0000003edbb00000,0x0000003edbc00000)]
  0x000001d3f7ca93d0 JavaThread "File lock request listener" [_thread_in_native, id=17592, stack(0x0000003edbc00000,0x0000003edbd00000)]
  0x000001d3f7ca7060 JavaThread "Cache worker for file hash cache (C:\Users\Sunny\.gradle\caches\9.0.0\fileHashes)" [_thread_blocked, id=13836, stack(0x0000003edbd00000,0x0000003edbe00000)]
  0x000001d3f8b27060 JavaThread "Cache worker for file hash cache (D:\native\event\android\.gradle\9.0.0\fileHashes)" [_thread_blocked, id=19116, stack(0x0000003edc400000,0x0000003edc500000)]
  0x000001d3f8b2ad20 JavaThread "Cache worker for Build Output Cleanup Cache (D:\native\event\android\.gradle\buildOutputCleanup)" [_thread_blocked, id=7596, stack(0x0000003edc500000,0x0000003edc600000)]
  0x000001d3f8b284a0 JavaThread "File watcher server" daemon [_thread_in_native, id=6700, stack(0x0000003edbf00000,0x0000003edc000000)]
  0x000001d3f8b298e0 JavaThread "File watcher consumer" daemon [_thread_blocked, id=18436, stack(0x0000003edc600000,0x0000003edc700000)]
  0x000001d3f8b27a80 JavaThread "Cache worker for checksums cache (D:\native\event\android\.gradle\9.0.0\checksums)" [_thread_blocked, id=18892, stack(0x0000003edc700000,0x0000003edc800000)]
  0x000001d3f8b29df0 JavaThread "Cache worker for file content cache (C:\Users\Sunny\.gradle\caches\9.0.0\fileContent)" [_thread_blocked, id=19172, stack(0x0000003edc800000,0x0000003edc900000)]
  0x000001d3f8b2b740 JavaThread "Cache worker for cache directory md-supplier (C:\Users\Sunny\.gradle\caches\9.0.0\md-supplier)" [_thread_blocked, id=2344, stack(0x0000003edbe00000,0x0000003edbf00000)]
  0x000001d3f8b28ec0 JavaThread "Cache worker for cache directory md-rule (C:\Users\Sunny\.gradle\caches\9.0.0\md-rule)" [_thread_blocked, id=10144, stack(0x0000003edcb00000,0x0000003edcc00000)]
  0x000001d3f8b2b230 JavaThread "jar transforms" [_thread_blocked, id=18996, stack(0x0000003edcc00000,0x0000003edcd00000)]
  0x000001d3f8b293d0 JavaThread "Cache worker for Build Output Cleanup Cache (D:\native\event\node_modules\@react-native\gradle-plugin\.gradle\buildOutputCleanup)" [_thread_blocked, id=22088, stack(0x0000003edce00000,0x0000003edcf00000)]
  0x000001d3f8b27f90 JavaThread "Unconstrained build operations" [_thread_blocked, id=19676, stack(0x0000003edca00000,0x0000003edcb00000)]
  0x000001d3f8b2bc50 JavaThread "Unconstrained build operations Thread 2" [_thread_blocked, id=22700, stack(0x0000003edcd00000,0x0000003edce00000)]
  0x000001d3f8b2d090 JavaThread "Unconstrained build operations Thread 3" [_thread_blocked, id=15508, stack(0x0000003edcf00000,0x0000003edd000000)]
  0x000001d3f8b2dfc0 JavaThread "Unconstrained build operations Thread 4" [_thread_blocked, id=13940, stack(0x0000003edd000000,0x0000003edd100000)]
  0x000001d3f8b2e9e0 JavaThread "Unconstrained build operations Thread 5" [_thread_blocked, id=12376, stack(0x0000003edd100000,0x0000003edd200000)]
  0x000001d3f8b2e4d0 JavaThread "Unconstrained build operations Thread 6" [_thread_blocked, id=19080, stack(0x0000003edd200000,0x0000003edd300000)]
  0x000001d3f8b2c160 JavaThread "Unconstrained build operations Thread 7" [_thread_blocked, id=11712, stack(0x0000003edd300000,0x0000003edd400000)]
  0x000001d3f8b2cb80 JavaThread "Unconstrained build operations Thread 8" [_thread_blocked, id=20560, stack(0x0000003edd400000,0x0000003edd500000)]
  0x000001d3fa546cd0 JavaThread "Unconstrained build operations Thread 9" [_thread_blocked, id=20288, stack(0x0000003edd600000,0x0000003edd700000)]
  0x000001d3fa5471e0 JavaThread "Unconstrained build operations Thread 10" [_thread_blocked, id=8764, stack(0x0000003edd700000,0x0000003edd800000)]
  0x000001d3fa543a30 JavaThread "Unconstrained build operations Thread 11" [_thread_blocked, id=20380, stack(0x0000003edd800000,0x0000003edd900000)]
  0x000001d3fa5462b0 JavaThread "Unconstrained build operations Thread 12" [_thread_blocked, id=21488, stack(0x0000003edd900000,0x0000003edda00000)]
  0x000001d3fa5467c0 JavaThread "Unconstrained build operations Thread 13" [_thread_blocked, id=1932, stack(0x0000003edda00000,0x0000003eddb00000)]
  0x000001d3fa544450 JavaThread "Unconstrained build operations Thread 14" [_thread_blocked, id=23348, stack(0x0000003eddb00000,0x0000003eddc00000)]
  0x000001d3fa545da0 JavaThread "Unconstrained build operations Thread 15" [_thread_blocked, id=10248, stack(0x0000003eddc00000,0x0000003eddd00000)]
  0x000001d3fa5476f0 JavaThread "Unconstrained build operations Thread 16" [_thread_blocked, id=21668, stack(0x0000003eddd00000,0x0000003edde00000)]
  0x000001d3fa543f40 JavaThread "Unconstrained build operations Thread 17" [_thread_blocked, id=1136, stack(0x0000003edde00000,0x0000003eddf00000)]
  0x000001d3fa547c00 JavaThread "Unconstrained build operations Thread 18" [_thread_blocked, id=20884, stack(0x0000003eddf00000,0x0000003ede000000)]
  0x000001d3fa544e70 JavaThread "Unconstrained build operations Thread 19" [_thread_blocked, id=22336, stack(0x0000003ede000000,0x0000003ede100000)]
  0x000001d3fa548110 JavaThread "Unconstrained build operations Thread 20" [_thread_blocked, id=23280, stack(0x0000003ede100000,0x0000003ede200000)]
  0x000001d3fa544960 JavaThread "Unconstrained build operations Thread 21" [_thread_blocked, id=8376, stack(0x0000003ede200000,0x0000003ede300000)]
  0x000001d3fa548620 JavaThread "Unconstrained build operations Thread 22" [_thread_blocked, id=19280, stack(0x0000003ede300000,0x0000003ede400000)]
  0x000001d3fa548b30 JavaThread "Unconstrained build operations Thread 23" [_thread_blocked, id=15224, stack(0x0000003ede400000,0x0000003ede500000)]
  0x000001d3fa545380 JavaThread "Unconstrained build operations Thread 24" [_thread_blocked, id=20436, stack(0x0000003ede500000,0x0000003ede600000)]
  0x000001d3fa549040 JavaThread "Unconstrained build operations Thread 25" [_thread_blocked, id=14020, stack(0x0000003ede600000,0x0000003ede700000)]
  0x000001d3fa545890 JavaThread "Unconstrained build operations Thread 26" [_thread_blocked, id=19292, stack(0x0000003ede700000,0x0000003ede800000)]
  0x000001d3fa54a990 JavaThread "Unconstrained build operations Thread 27" [_thread_blocked, id=7804, stack(0x0000003ede800000,0x0000003ede900000)]
  0x000001d3fa549a60 JavaThread "build event listener" [_thread_blocked, id=4480, stack(0x0000003ed9800000,0x0000003ed9900000)]
  0x000001d3fa54a480 JavaThread "Memory manager" [_thread_blocked, id=19048, stack(0x0000003edea00000,0x0000003edeb00000)]
  0x000001d3fb2007c0 JavaThread "ForkJoinPool.commonPool-worker-1" daemon [_thread_blocked, id=22188, stack(0x0000003edee00000,0x0000003edef00000)]
  0x000001d3fb200cd0 JavaThread "ForkJoinPool.commonPool-worker-2" daemon [_thread_blocked, id=17564, stack(0x0000003edef00000,0x0000003edf000000)]
  0x000001d3fb1fee70 JavaThread "ForkJoinPool.commonPool-worker-3" daemon [_thread_blocked, id=4620, stack(0x0000003edf000000,0x0000003edf100000)]
  0x000001d3fb1ff380 JavaThread "ForkJoinPool.commonPool-worker-4" daemon [_thread_blocked, id=16148, stack(0x0000003edf100000,0x0000003edf200000)]
  0x000001d3fb2011e0 JavaThread "ForkJoinPool.commonPool-worker-5" daemon [_thread_blocked, id=15956, stack(0x0000003edf200000,0x0000003edf300000)]
  0x000001d3fb1fdf40 JavaThread "ForkJoinPool.commonPool-worker-6" daemon [_thread_blocked, id=13128, stack(0x0000003edf300000,0x0000003edf400000)]
  0x000001d3fb1fda30 JavaThread "ForkJoinPool.commonPool-worker-7" daemon [_thread_blocked, id=18780, stack(0x0000003edf400000,0x0000003edf500000)]
  0x000001d3fb203040 JavaThread "Execution worker" [_thread_blocked, id=23000, stack(0x0000003edf900000,0x0000003edfa00000)]
  0x000001d3fb202620 JavaThread "Execution worker Thread 2" [_thread_blocked, id=23072, stack(0x0000003edfa00000,0x0000003edfb00000)]
  0x000001d3fb2053b0 JavaThread "Execution worker Thread 3" [_thread_blocked, id=2104, stack(0x0000003edfb00000,0x0000003edfc00000)]
  0x000001d3fb203a60 JavaThread "Execution worker Thread 4" [_thread_blocked, id=18180, stack(0x0000003edfc00000,0x0000003edfd00000)]
  0x000001d3fb203f70 JavaThread "Execution worker Thread 5" [_thread_blocked, id=4712, stack(0x0000003edfd00000,0x0000003edfe00000)]
  0x000001d3fb204990 JavaThread "Execution worker Thread 6" [_thread_blocked, id=3044, stack(0x0000003edfe00000,0x0000003edff00000)]
  0x000001d3fb203550 JavaThread "Execution worker Thread 7" [_thread_in_native_trans, id=19864, stack(0x0000003edff00000,0x0000003ee0000000)]
  0x000001d3fb204480 JavaThread "Cache worker for execution history cache (D:\native\event\node_modules\@react-native\gradle-plugin\.gradle\9.0.0\executionHistory)" [_thread_blocked, id=9868, stack(0x0000003ee0000000,0x0000003ee0100000)]
  0x000001d3fb204ea0 JavaThread "Unconstrained build operations Thread 28" [_thread_blocked, id=18632, stack(0x0000003ee0100000,0x0000003ee0200000)]
  0x000001d3fc7b9640 JavaThread "Unconstrained build operations Thread 29" [_thread_blocked, id=5308, stack(0x0000003ee0200000,0x0000003ee0300000)]
  0x000001d3fc7b72d0 JavaThread "Unconstrained build operations Thread 30" [_thread_blocked, id=22776, stack(0x0000003ee0300000,0x0000003ee0400000)]
  0x000001d3fc7b9130 JavaThread "Unconstrained build operations Thread 31" [_thread_blocked, id=22548, stack(0x0000003ee0400000,0x0000003ee0500000)]
  0x000001d3fc7b8710 JavaThread "Unconstrained build operations Thread 32" [_thread_blocked, id=2900, stack(0x0000003ee0500000,0x0000003ee0600000)]
  0x000001d3fc7b9b50 JavaThread "Unconstrained build operations Thread 33" [_thread_blocked, id=23444, stack(0x0000003ee0600000,0x0000003ee0700000)]
  0x000001d3fc7ba060 JavaThread "Unconstrained build operations Thread 34" [_thread_blocked, id=23268, stack(0x0000003ee0700000,0x0000003ee0800000)]
  0x000001d3fc7b6dc0 JavaThread "Unconstrained build operations Thread 35" [_thread_blocked, id=7772, stack(0x0000003eded00000,0x0000003edee00000)]
  0x000001d3fc7b77e0 JavaThread "Unconstrained build operations Thread 36" [_thread_blocked, id=21404, stack(0x0000003ee0800000,0x0000003ee0900000)]
  0x000001d3fc7ba570 JavaThread "Unconstrained build operations Thread 37" [_thread_blocked, id=9248, stack(0x0000003ee0900000,0x0000003ee0a00000)]
  0x000001d3fc7baa80 JavaThread "Unconstrained build operations Thread 38" [_thread_blocked, id=9372, stack(0x0000003ee0a00000,0x0000003ee0b00000)]
  0x000001d3fc7baf90 JavaThread "Unconstrained build operations Thread 39" [_thread_blocked, id=19492, stack(0x0000003ee0b00000,0x0000003ee0c00000)]
  0x000001d3fc7b8c20 JavaThread "Unconstrained build operations Thread 40" [_thread_blocked, id=10696, stack(0x0000003ee0c00000,0x0000003ee0d00000)]
  0x000001d3fc7bb4a0 JavaThread "Unconstrained build operations Thread 41" [_thread_blocked, id=13076, stack(0x0000003ee0d00000,0x0000003ee0e00000)]
  0x000001d3fc7b7cf0 JavaThread "Unconstrained build operations Thread 42" [_thread_blocked, id=3944, stack(0x0000003ee0e00000,0x0000003ee0f00000)]
  0x000001d3fc7bb9b0 JavaThread "Unconstrained build operations Thread 43" [_thread_blocked, id=9184, stack(0x0000003ee0f00000,0x0000003ee1000000)]
  0x000001d3fc7b8200 JavaThread "Unconstrained build operations Thread 44" [_thread_blocked, id=9472, stack(0x0000003ee1000000,0x0000003ee1100000)]
  0x000001d3fc7bc8e0 JavaThread "Unconstrained build operations Thread 45" [_thread_blocked, id=17848, stack(0x0000003ee1100000,0x0000003ee1200000)]
  0x000001d3fc7bbec0 JavaThread "Unconstrained build operations Thread 46" [_thread_blocked, id=14136, stack(0x0000003ee1200000,0x0000003ee1300000)]
  0x000001d3fc7bcdf0 JavaThread "Unconstrained build operations Thread 47" [_thread_blocked, id=22216, stack(0x0000003ee1300000,0x0000003ee1400000)]
  0x000001d3fc7bc3d0 JavaThread "Unconstrained build operations Thread 48" [_thread_blocked, id=12588, stack(0x0000003ee1400000,0x0000003ee1500000)]
  0x000001d3fc7bd810 JavaThread "Unconstrained build operations Thread 49" [_thread_blocked, id=648, stack(0x0000003edec00000,0x0000003eded00000)]
  0x000001d3fc7bdd20 JavaThread "Unconstrained build operations Thread 50" [_thread_blocked, id=18852, stack(0x0000003ee1500000,0x0000003ee1600000)]
  0x000001d3fc7be230 JavaThread "Unconstrained build operations Thread 51" [_thread_blocked, id=21320, stack(0x0000003ee1600000,0x0000003ee1700000)]
  0x000001d3fc7be740 JavaThread "Unconstrained build operations Thread 52" [_thread_blocked, id=348, stack(0x0000003ee1700000,0x0000003ee1800000)]
  0x000001d3f91255a0 JavaThread "Unconstrained build operations Thread 53" [_thread_blocked, id=22892, stack(0x0000003ee1800000,0x0000003ee1900000)]
  0x000001d3f9124b80 JavaThread "Unconstrained build operations Thread 54" [_thread_blocked, id=15232, stack(0x0000003ee1900000,0x0000003ee1a00000)]
  0x000001d3f91264d0 JavaThread "Unconstrained build operations Thread 55" [_thread_blocked, id=23172, stack(0x0000003ee1a00000,0x0000003ee1b00000)]
  0x000001d3f9125fc0 JavaThread "Unconstrained build operations Thread 56" [_thread_blocked, id=23304, stack(0x0000003ee1b00000,0x0000003ee1c00000)]
  0x000001d3f9125090 JavaThread "Unconstrained build operations Thread 57" [_thread_blocked, id=3364, stack(0x0000003ee1c00000,0x0000003ee1d00000)]
  0x000001d3f9127910 JavaThread "Unconstrained build operations Thread 58" [_thread_blocked, id=8228, stack(0x0000003ee1d00000,0x0000003ee1e00000)]
  0x000001d3f9125ab0 JavaThread "Unconstrained build operations Thread 59" [_thread_blocked, id=16464, stack(0x0000003ee1e00000,0x0000003ee1f00000)]
  0x000001d3f9126ef0 JavaThread "Unconstrained build operations Thread 60" [_thread_blocked, id=19336, stack(0x0000003ee1f00000,0x0000003ee2000000)]
  0x000001d3f9124670 JavaThread "Unconstrained build operations Thread 61" [_thread_blocked, id=22916, stack(0x0000003ee2000000,0x0000003ee2100000)]
  0x000001d3f91269e0 JavaThread "Unconstrained build operations Thread 62" [_thread_blocked, id=20660, stack(0x0000003ee2100000,0x0000003ee2200000)]
  0x000001d3f9127400 JavaThread "Unconstrained build operations Thread 63" [_thread_blocked, id=20540, stack(0x0000003ee2200000,0x0000003ee2300000)]
  0x000001d3f9124160 JavaThread "Unconstrained build operations Thread 64" [_thread_blocked, id=4328, stack(0x0000003ee2300000,0x0000003ee2400000)]
  0x000001d3f89d2340 JavaThread "Unconstrained build operations Thread 65" [_thread_blocked, id=5344, stack(0x0000003ee2400000,0x0000003ee2500000)]
  0x000001d3f89d3270 JavaThread "Unconstrained build operations Thread 66" [_thread_blocked, id=15120, stack(0x0000003ee2500000,0x0000003ee2600000)]
  0x000001d3f89d3c90 JavaThread "Unconstrained build operations Thread 67" [_thread_blocked, id=3472, stack(0x0000003ee2600000,0x0000003ee2700000)]
  0x000001d3f89d1920 JavaThread "Unconstrained build operations Thread 68" [_thread_blocked, id=17412, stack(0x0000003ee2700000,0x0000003ee2800000)]
  0x000001d3f89d2850 JavaThread "Unconstrained build operations Thread 69" [_thread_blocked, id=4244, stack(0x0000003ee2800000,0x0000003ee2900000)]
  0x000001d3f89d4bc0 JavaThread "Unconstrained build operations Thread 70" [_thread_blocked, id=18176, stack(0x0000003ee2900000,0x0000003ee2a00000)]
  0x000001d3f89d2d60 JavaThread "Unconstrained build operations Thread 71" [_thread_blocked, id=21468, stack(0x0000003ee2a00000,0x0000003ee2b00000)]
  0x000001d3f89d46b0 JavaThread "Unconstrained build operations Thread 72" [_thread_blocked, id=1760, stack(0x0000003ee2b00000,0x0000003ee2c00000)]
  0x000001d3f89d1410 JavaThread "Unconstrained build operations Thread 73" [_thread_blocked, id=5928, stack(0x0000003ee2c00000,0x0000003ee2d00000)]
  0x000001d3f89d50d0 JavaThread "Unconstrained build operations Thread 74" [_thread_blocked, id=8556, stack(0x0000003ee2d00000,0x0000003ee2e00000)]
  0x000001d3f89d55e0 JavaThread "Unconstrained build operations Thread 75" [_thread_blocked, id=20652, stack(0x0000003ee2e00000,0x0000003ee2f00000)]
  0x000001d3f89d41a0 JavaThread "Unconstrained build operations Thread 76" [_thread_blocked, id=20088, stack(0x0000003ee2f00000,0x0000003ee3000000)]
  0x000001d3f89d1e30 JavaThread "Unconstrained build operations Thread 77" [_thread_blocked, id=18864, stack(0x0000003ee3000000,0x0000003ee3100000)]
  0x000001d3f89d3780 JavaThread "jar transforms Thread 2" [_thread_blocked, id=10372, stack(0x0000003ee3100000,0x0000003ee3200000)]
  0x000001d3f89d7440 JavaThread "jar transforms Thread 3" [_thread_blocked, id=20668, stack(0x0000003ee3200000,0x0000003ee3300000)]
  0x000001d3f89d8370 JavaThread "Unconstrained build operations Thread 78" [_thread_blocked, id=7616, stack(0x0000003ee3400000,0x0000003ee3500000)]
  0x000001d3f89d8880 JavaThread "Unconstrained build operations Thread 79" [_thread_blocked, id=4424, stack(0x0000003ee3500000,0x0000003ee3600000)]
  0x000001d3f89d8d90 JavaThread "Unconstrained build operations Thread 80" [_thread_blocked, id=5600, stack(0x0000003ee3600000,0x0000003ee3700000)]
  0x000001d3f89d5af0 JavaThread "jar transforms Thread 4" [_thread_blocked, id=20964, stack(0x0000003ee3700000,0x0000003ee3800000)]
  0x000001d3f89d6000 JavaThread "jar transforms Thread 5" [_thread_blocked, id=17932, stack(0x0000003ee3300000,0x0000003ee3400000)]
  0x000001d3f89d6510 JavaThread "jar transforms Thread 6" [_thread_blocked, id=19688, stack(0x0000003ee3800000,0x0000003ee3900000)]
  0x000001d3fbce5e20 JavaThread "build event listener" [_thread_blocked, id=17276, stack(0x0000003ed9700000,0x0000003ed9800000)]
  0x000001d3fbce6330 JavaThread "jar transforms Thread 7" [_thread_blocked, id=22836, stack(0x0000003ed9900000,0x0000003ed9a00000)]
  0x000001d3fbce5910 JavaThread "jar transforms Thread 8" [_thread_blocked, id=2236, stack(0x0000003ee3900000,0x0000003ee3a00000)]
  0x000001d3fbce4ef0 JavaThread "Problems report writer" [_thread_blocked, id=21124, stack(0x0000003ee3b00000,0x0000003ee3c00000)]
  0x000001d3fbce7770 JavaThread "Exec process" [_thread_blocked, id=22416, stack(0x0000003ee3c00000,0x0000003ee3d00000)]
  0x000001d3fbce7c80 JavaThread "Exec process Thread 2" [_thread_blocked, id=14488, stack(0x0000003ee3d00000,0x0000003ee3e00000)]
  0x000001d3fbce44d0 JavaThread "Exec process Thread 3" [_thread_blocked, id=19452, stack(0x0000003ee3e00000,0x0000003ee3f00000)]
  0x000001d3fb202b30 JavaThread "included builds Thread 2" [_thread_blocked, id=4756, stack(0x0000003edf600000,0x0000003edf700000)]
  0x000001d3f89d6f30 JavaThread "Cache worker for execution history cache (D:\native\event\android\.gradle\9.0.0\executionHistory)" [_thread_blocked, id=18292, stack(0x0000003edf700000,0x0000003edf800000)]
=>0x000001d3f89545d0 JavaThread "C2 CompilerThread1" daemon [_thread_in_native, id=13620, stack(0x0000003edf500000,0x0000003edf600000)]

Other Threads:
  0x000001d3f1aed080 VMThread "VM Thread" [stack: 0x0000003eda000000,0x0000003eda100000] [id=17820]
  0x000001d3f238a280 WatcherThread [stack: 0x0000003edac00000,0x0000003edad00000] [id=13476]
  0x000001d3d1a4e870 GCTaskThread "GC Thread#0" [stack: 0x0000003ed9b00000,0x0000003ed9c00000] [id=692]
  0x000001d3f28c9700 GCTaskThread "GC Thread#1" [stack: 0x0000003edaf00000,0x0000003edb000000] [id=8440]
  0x000001d3f28c99c0 GCTaskThread "GC Thread#2" [stack: 0x0000003edb000000,0x0000003edb100000] [id=12040]
  0x000001d3f2918770 GCTaskThread "GC Thread#3" [stack: 0x0000003edb100000,0x0000003edb200000] [id=23356]
  0x000001d3f2918a30 GCTaskThread "GC Thread#4" [stack: 0x0000003edb200000,0x0000003edb300000] [id=11584]
  0x000001d3f9cf24f0 GCTaskThread "GC Thread#5" [stack: 0x0000003edc000000,0x0000003edc100000] [id=21400]
  0x000001d3f9cf1470 GCTaskThread "GC Thread#6" [stack: 0x0000003edc100000,0x0000003edc200000] [id=19416]
  0x000001d3f9cf0970 GCTaskThread "GC Thread#7" [stack: 0x0000003edc200000,0x0000003edc300000] [id=12540]
  0x000001d3d1d02590 ConcurrentGCThread "G1 Main Marker" [stack: 0x0000003ed9c00000,0x0000003ed9d00000] [id=13356]
  0x000001d3d1d03a90 ConcurrentGCThread "G1 Conc#0" [stack: 0x0000003ed9d00000,0x0000003ed9e00000] [id=18812]
  0x000001d3f9cf19f0 ConcurrentGCThread "G1 Conc#1" [stack: 0x0000003edc300000,0x0000003edc400000] [id=12848]
  0x000001d3d1d3e360 ConcurrentGCThread "G1 Refine#0" [stack: 0x0000003ed9e00000,0x0000003ed9f00000] [id=20904]
  0x000001d3f93a9080 ConcurrentGCThread "G1 Refine#1" [stack: 0x0000003edc900000,0x0000003edca00000] [id=6328]
  0x000001d3f19aabb0 ConcurrentGCThread "G1 Service" [stack: 0x0000003ed9f00000,0x0000003eda000000] [id=20492]

Threads with active compile tasks:
C2 CompilerThread0   121111 18637       4       org.gradle.api.internal.artifacts.transform.ResolvedVariantTransformer::transform (41 bytes)
C2 CompilerThread1   121111 18636       4       org.gradle.api.internal.artifacts.ivyservice.resolveengine.artifact.DefaultResolvedVariantSet::transformCandidate (14 bytes)

VM state: not at safepoint (normal execution)

VM Mutex/Monitor currently owned by a thread: None

Heap address: 0x0000000080000000, size: 2048 MB, Compressed Oops mode: 32-bit

CDS archive(s) mapped at: [0x000001d380000000-0x000001d380bb0000-0x000001d380bb0000), size 12255232, SharedBaseAddress: 0x000001d380000000, ArchiveRelocationMode: 1.
Compressed class space mapped at: 0x000001d381000000-0x000001d39b000000, reserved size: 436207616
Narrow klass base: 0x000001d380000000, Narrow klass shift: 0, Narrow klass range: 0x100000000

GC Precious Log:
 CPUs: 8 total, 8 available
 Memory: 14207M
 Large Page Support: Disabled
 NUMA Support: Disabled
 Compressed Oops: Enabled (32-bit)
 Heap Region Size: 1M
 Heap Min Capacity: 8M
 Heap Initial Capacity: 222M
 Heap Max Capacity: 2G
 Pre-touch: Disabled
 Parallel Workers: 8
 Concurrent Workers: 2
 Concurrent Refinement Workers: 8
 Periodic GC: Disabled

Heap:
 garbage-first heap   total 330752K, used 281009K [0x0000000080000000, 0x0000000100000000)
  region size 1024K, 44 young (45056K), 5 survivors (5120K)
 Metaspace       used 122138K, committed 123840K, reserved 557056K
  class space    used 16948K, committed 17792K, reserved 425984K

Heap Regions: E=young(eden), S=young(survivor), O=old, HS=humongous(starts), HC=humongous(continues), CS=collection set, F=free, OA=open archive, CA=closed archive, TAMS=top-at-mark-start (previous, next)
|   0|0x0000000080000000, 0x0000000080100000, 0x0000000080100000|100%|HS|  |TAMS 0x0000000080100000, 0x0000000080000000| Complete 
|   1|0x0000000080100000, 0x0000000080200000, 0x0000000080200000|100%|HC|  |TAMS 0x0000000080200000, 0x0000000080100000| Complete 
|   2|0x0000000080200000, 0x0000000080300000, 0x0000000080300000|100%|HC|  |TAMS 0x0000000080300000, 0x0000000080200000| Complete 
|   3|0x0000000080300000, 0x0000000080400000, 0x0000000080400000|100%| O|  |TAMS 0x0000000080400000, 0x0000000080300000| Untracked 
|   4|0x0000000080400000, 0x0000000080500000, 0x0000000080500000|100%| O|  |TAMS 0x0000000080500000, 0x0000000080400000| Untracked 
|   5|0x0000000080500000, 0x0000000080600000, 0x0000000080600000|100%| O|  |TAMS 0x0000000080600000, 0x0000000080500000| Untracked 
|   6|0x0000000080600000, 0x0000000080700000, 0x0000000080700000|100%|HS|  |TAMS 0x0000000080700000, 0x0000000080600000| Complete 
|   7|0x0000000080700000, 0x0000000080800000, 0x0000000080800000|100%| O|  |TAMS 0x0000000080800000, 0x0000000080700000| Untracked 
|   8|0x0000000080800000, 0x0000000080900000, 0x0000000080900000|100%| O|  |TAMS 0x0000000080900000, 0x0000000080800000| Untracked 
|   9|0x0000000080900000, 0x0000000080a00000, 0x0000000080a00000|100%| O|  |TAMS 0x0000000080a00000, 0x0000000080900000| Untracked 
|  10|0x0000000080a00000, 0x0000000080b00000, 0x0000000080b00000|100%| O|  |TAMS 0x0000000080b00000, 0x0000000080a00000| Untracked 
|  11|0x0000000080b00000, 0x0000000080c00000, 0x0000000080c00000|100%| O|  |TAMS 0x0000000080c00000, 0x0000000080b00000| Untracked 
|  12|0x0000000080c00000, 0x0000000080d00000, 0x0000000080d00000|100%| O|  |TAMS 0x0000000080d00000, 0x0000000080c00000| Untracked 
|  13|0x0000000080d00000, 0x0000000080e00000, 0x0000000080e00000|100%| O|  |TAMS 0x0000000080e00000, 0x0000000080d00000| Untracked 
|  14|0x0000000080e00000, 0x0000000080f00000, 0x0000000080f00000|100%| O|  |TAMS 0x0000000080f00000, 0x0000000080e00000| Untracked 
|  15|0x0000000080f00000, 0x0000000081000000, 0x0000000081000000|100%| O|  |TAMS 0x0000000081000000, 0x0000000080f00000| Untracked 
|  16|0x0000000081000000, 0x0000000081100000, 0x0000000081100000|100%| O|  |TAMS 0x0000000081100000, 0x0000000081000000| Untracked 
|  17|0x0000000081100000, 0x0000000081200000, 0x0000000081200000|100%| O|  |TAMS 0x0000000081200000, 0x0000000081100000| Untracked 
|  18|0x0000000081200000, 0x0000000081300000, 0x0000000081300000|100%| O|  |TAMS 0x0000000081300000, 0x0000000081200000| Untracked 
|  19|0x0000000081300000, 0x0000000081400000, 0x0000000081400000|100%| O|  |TAMS 0x0000000081400000, 0x0000000081300000| Untracked 
|  20|0x0000000081400000, 0x0000000081500000, 0x0000000081500000|100%| O|  |TAMS 0x0000000081500000, 0x0000000081400000| Untracked 
|  21|0x0000000081500000, 0x0000000081600000, 0x0000000081600000|100%| O|  |TAMS 0x0000000081600000, 0x0000000081500000| Untracked 
|  22|0x0000000081600000, 0x0000000081700000, 0x0000000081700000|100%| O|  |TAMS 0x0000000081700000, 0x0000000081600000| Untracked 
|  23|0x0000000081700000, 0x0000000081800000, 0x0000000081800000|100%| O|  |TAMS 0x0000000081800000, 0x0000000081700000| Untracked 
|  24|0x0000000081800000, 0x0000000081900000, 0x0000000081900000|100%| O|  |TAMS 0x0000000081900000, 0x0000000081800000| Untracked 
|  25|0x0000000081900000, 0x0000000081a00000, 0x0000000081a00000|100%| O|  |TAMS 0x0000000081a00000, 0x0000000081900000| Untracked 
|  26|0x0000000081a00000, 0x0000000081b00000, 0x0000000081b00000|100%| O|  |TAMS 0x0000000081b00000, 0x0000000081a00000| Untracked 
|  27|0x0000000081b00000, 0x0000000081c00000, 0x0000000081c00000|100%| O|  |TAMS 0x0000000081c00000, 0x0000000081b00000| Untracked 
|  28|0x0000000081c00000, 0x0000000081d00000, 0x0000000081d00000|100%| O|  |TAMS 0x0000000081d00000, 0x0000000081c00000| Untracked 
|  29|0x0000000081d00000, 0x0000000081e00000, 0x0000000081e00000|100%| O|  |TAMS 0x0000000081e00000, 0x0000000081d00000| Untracked 
|  30|0x0000000081e00000, 0x0000000081f00000, 0x0000000081f00000|100%| O|  |TAMS 0x0000000081f00000, 0x0000000081e00000| Untracked 
|  31|0x0000000081f00000, 0x0000000082000000, 0x0000000082000000|100%| O|  |TAMS 0x0000000081f00000, 0x0000000081f00000| Untracked 
|  32|0x0000000082000000, 0x0000000082100000, 0x0000000082100000|100%| O|  |TAMS 0x0000000082100000, 0x0000000082000000| Untracked 
|  33|0x0000000082100000, 0x0000000082200000, 0x0000000082200000|100%| O|  |TAMS 0x0000000082100000, 0x0000000082100000| Untracked 
|  34|0x0000000082200000, 0x0000000082300000, 0x0000000082300000|100%| O|  |TAMS 0x0000000082300000, 0x0000000082200000| Untracked 
|  35|0x0000000082300000, 0x0000000082400000, 0x0000000082400000|100%| O|  |TAMS 0x0000000082400000, 0x0000000082300000| Untracked 
|  36|0x0000000082400000, 0x0000000082500000, 0x0000000082500000|100%| O|  |TAMS 0x0000000082500000, 0x0000000082400000| Untracked 
|  37|0x0000000082500000, 0x0000000082600000, 0x0000000082600000|100%| O|  |TAMS 0x0000000082600000, 0x0000000082500000| Untracked 
|  38|0x0000000082600000, 0x0000000082700000, 0x0000000082700000|100%| O|  |TAMS 0x0000000082700000, 0x0000000082600000| Untracked 
|  39|0x0000000082700000, 0x0000000082800000, 0x0000000082800000|100%| O|  |TAMS 0x0000000082800000, 0x0000000082700000| Untracked 
|  40|0x0000000082800000, 0x0000000082900000, 0x0000000082900000|100%| O|  |TAMS 0x0000000082900000, 0x0000000082800000| Untracked 
|  41|0x0000000082900000, 0x0000000082a00000, 0x0000000082a00000|100%| O|  |TAMS 0x0000000082a00000, 0x0000000082900000| Untracked 
|  42|0x0000000082a00000, 0x0000000082b00000, 0x0000000082b00000|100%| O|  |TAMS 0x0000000082b00000, 0x0000000082a00000| Untracked 
|  43|0x0000000082b00000, 0x0000000082c00000, 0x0000000082c00000|100%| O|  |TAMS 0x0000000082c00000, 0x0000000082b00000| Untracked 
|  44|0x0000000082c00000, 0x0000000082d00000, 0x0000000082d00000|100%| O|  |TAMS 0x0000000082d00000, 0x0000000082c00000| Untracked 
|  45|0x0000000082d00000, 0x0000000082e00000, 0x0000000082e00000|100%| O|  |TAMS 0x0000000082e00000, 0x0000000082d00000| Untracked 
|  46|0x0000000082e00000, 0x0000000082f00000, 0x0000000082f00000|100%| O|  |TAMS 0x0000000082f00000, 0x0000000082e00000| Untracked 
|  47|0x0000000082f00000, 0x0000000083000000, 0x0000000083000000|100%|HS|  |TAMS 0x0000000083000000, 0x0000000082f00000| Complete 
|  48|0x0000000083000000, 0x0000000083100000, 0x0000000083100000|100%|HC|  |TAMS 0x0000000083100000, 0x0000000083000000| Complete 
|  49|0x0000000083100000, 0x0000000083200000, 0x0000000083200000|100%|HC|  |TAMS 0x0000000083200000, 0x0000000083100000| Complete 
|  50|0x0000000083200000, 0x0000000083300000, 0x0000000083300000|100%|HS|  |TAMS 0x0000000083300000, 0x0000000083200000| Complete 
|  51|0x0000000083300000, 0x0000000083400000, 0x0000000083400000|100%|HC|  |TAMS 0x0000000083400000, 0x0000000083300000| Complete 
|  52|0x0000000083400000, 0x0000000083500000, 0x0000000083500000|100%|HC|  |TAMS 0x0000000083500000, 0x0000000083400000| Complete 
|  53|0x0000000083500000, 0x0000000083600000, 0x0000000083600000|100%| O|  |TAMS 0x0000000083500000, 0x0000000083500000| Untracked 
|  54|0x0000000083600000, 0x0000000083700000, 0x0000000083700000|100%| O|  |TAMS 0x0000000083700000, 0x0000000083600000| Untracked 
|  55|0x0000000083700000, 0x0000000083800000, 0x0000000083800000|100%| O|  |TAMS 0x0000000083800000, 0x0000000083700000| Untracked 
|  56|0x0000000083800000, 0x0000000083900000, 0x0000000083900000|100%| O|  |TAMS 0x0000000083900000, 0x0000000083800000| Untracked 
|  57|0x0000000083900000, 0x0000000083a00000, 0x0000000083a00000|100%| O|  |TAMS 0x0000000083a00000, 0x0000000083900000| Untracked 
|  58|0x0000000083a00000, 0x0000000083b00000, 0x0000000083b00000|100%| O|  |TAMS 0x0000000083b00000, 0x0000000083a00000| Untracked 
|  59|0x0000000083b00000, 0x0000000083c00000, 0x0000000083c00000|100%| O|  |TAMS 0x0000000083c00000, 0x0000000083b00000| Untracked 
|  60|0x0000000083c00000, 0x0000000083d00000, 0x0000000083d00000|100%| O|  |TAMS 0x0000000083d00000, 0x0000000083c00000| Untracked 
|  61|0x0000000083d00000, 0x0000000083e00000, 0x0000000083e00000|100%| O|  |TAMS 0x0000000083d00000, 0x0000000083d00000| Untracked 
|  62|0x0000000083e00000, 0x0000000083f00000, 0x0000000083f00000|100%| O|  |TAMS 0x0000000083f00000, 0x0000000083e00000| Untracked 
|  63|0x0000000083f00000, 0x0000000084000000, 0x0000000084000000|100%| O|  |TAMS 0x0000000084000000, 0x0000000083f00000| Untracked 
|  64|0x0000000084000000, 0x0000000084100000, 0x0000000084100000|100%| O|  |TAMS 0x0000000084000000, 0x0000000084000000| Untracked 
|  65|0x0000000084100000, 0x0000000084200000, 0x0000000084200000|100%| O|  |TAMS 0x0000000084100000, 0x0000000084100000| Untracked 
|  66|0x0000000084200000, 0x0000000084300000, 0x0000000084300000|100%|HS|  |TAMS 0x0000000084200000, 0x0000000084200000| Complete 
|  67|0x0000000084300000, 0x0000000084400000, 0x0000000084400000|100%|HS|  |TAMS 0x0000000084300000, 0x0000000084300000| Complete 
|  68|0x0000000084400000, 0x0000000084500000, 0x0000000084500000|100%| O|  |TAMS 0x0000000084500000, 0x0000000084400000| Untracked 
|  69|0x0000000084500000, 0x0000000084600000, 0x0000000084600000|100%| O|  |TAMS 0x0000000084600000, 0x0000000084500000| Untracked 
|  70|0x0000000084600000, 0x0000000084700000, 0x0000000084700000|100%| O|  |TAMS 0x0000000084700000, 0x0000000084600000| Untracked 
|  71|0x0000000084700000, 0x0000000084800000, 0x0000000084800000|100%|HS|  |TAMS 0x0000000084700000, 0x0000000084700000| Complete 
|  72|0x0000000084800000, 0x0000000084900000, 0x0000000084900000|100%| O|  |TAMS 0x0000000084900000, 0x0000000084800000| Untracked 
|  73|0x0000000084900000, 0x0000000084a00000, 0x0000000084a00000|100%| O|  |TAMS 0x0000000084900000, 0x0000000084900000| Untracked 
|  74|0x0000000084a00000, 0x0000000084b00000, 0x0000000084b00000|100%| O|  |TAMS 0x0000000084a00000, 0x0000000084a00000| Untracked 
|  75|0x0000000084b00000, 0x0000000084c00000, 0x0000000084c00000|100%| O|  |TAMS 0x0000000084c00000, 0x0000000084b00000| Untracked 
|  76|0x0000000084c00000, 0x0000000084d00000, 0x0000000084d00000|100%| O|  |TAMS 0x0000000084d00000, 0x0000000084c00000| Untracked 
|  77|0x0000000084d00000, 0x0000000084e00000, 0x0000000084e00000|100%| O|  |TAMS 0x0000000084e00000, 0x0000000084d00000| Untracked 
|  78|0x0000000084e00000, 0x0000000084f00000, 0x0000000084f00000|100%| O|  |TAMS 0x0000000084f00000, 0x0000000084e00000| Untracked 
|  79|0x0000000084f00000, 0x0000000085000000, 0x0000000085000000|100%| O|  |TAMS 0x0000000085000000, 0x0000000084f00000| Untracked 
|  80|0x0000000085000000, 0x0000000085100000, 0x0000000085100000|100%| O|  |TAMS 0x0000000085100000, 0x0000000085000000| Untracked 
|  81|0x0000000085100000, 0x0000000085200000, 0x0000000085200000|100%| O|  |TAMS 0x0000000085200000, 0x0000000085100000| Untracked 
|  82|0x0000000085200000, 0x0000000085300000, 0x0000000085300000|100%| O|  |TAMS 0x0000000085300000, 0x0000000085200000| Untracked 
|  83|0x0000000085300000, 0x0000000085400000, 0x0000000085400000|100%| O|  |TAMS 0x0000000085400000, 0x0000000085300000| Untracked 
|  84|0x0000000085400000, 0x0000000085500000, 0x0000000085500000|100%| O|  |TAMS 0x0000000085500000, 0x0000000085400000| Untracked 
|  85|0x0000000085500000, 0x0000000085600000, 0x0000000085600000|100%|HS|  |TAMS 0x0000000085600000, 0x0000000085500000| Complete 
|  86|0x0000000085600000, 0x0000000085700000, 0x0000000085700000|100%|HS|  |TAMS 0x0000000085700000, 0x0000000085600000| Complete 
|  87|0x0000000085700000, 0x0000000085800000, 0x0000000085800000|100%|HS|  |TAMS 0x0000000085800000, 0x0000000085700000| Complete 
|  88|0x0000000085800000, 0x0000000085900000, 0x0000000085900000|100%|HS|  |TAMS 0x0000000085900000, 0x0000000085800000| Complete 
|  89|0x0000000085900000, 0x0000000085a00000, 0x0000000085a00000|100%|HS|  |TAMS 0x0000000085a00000, 0x0000000085900000| Complete 
|  90|0x0000000085a00000, 0x0000000085b00000, 0x0000000085b00000|100%| O|  |TAMS 0x0000000085b00000, 0x0000000085a00000| Untracked 
|  91|0x0000000085b00000, 0x0000000085c00000, 0x0000000085c00000|100%| O|  |TAMS 0x0000000085c00000, 0x0000000085b00000| Untracked 
|  92|0x0000000085c00000, 0x0000000085d00000, 0x0000000085d00000|100%| O|  |TAMS 0x0000000085d00000, 0x0000000085c00000| Untracked 
|  93|0x0000000085d00000, 0x0000000085e00000, 0x0000000085e00000|100%|HS|  |TAMS 0x0000000085e00000, 0x0000000085d00000| Complete 
|  94|0x0000000085e00000, 0x0000000085f00000, 0x0000000085f00000|100%| O|  |TAMS 0x0000000085f00000, 0x0000000085e00000| Untracked 
|  95|0x0000000085f00000, 0x0000000086000000, 0x0000000086000000|100%| O|  |TAMS 0x0000000086000000, 0x0000000085f00000| Untracked 
|  96|0x0000000086000000, 0x0000000086100000, 0x0000000086100000|100%| O|  |TAMS 0x0000000086100000, 0x0000000086000000| Untracked 
|  97|0x0000000086100000, 0x0000000086200000, 0x0000000086200000|100%| O|  |TAMS 0x0000000086200000, 0x0000000086100000| Untracked 
|  98|0x0000000086200000, 0x0000000086300000, 0x0000000086300000|100%| O|  |TAMS 0x0000000086300000, 0x0000000086200000| Untracked 
|  99|0x0000000086300000, 0x0000000086400000, 0x0000000086400000|100%| O|  |TAMS 0x0000000086400000, 0x0000000086300000| Untracked 
| 100|0x0000000086400000, 0x0000000086500000, 0x0000000086500000|100%| O|  |TAMS 0x0000000086500000, 0x0000000086400000| Untracked 
| 101|0x0000000086500000, 0x0000000086600000, 0x0000000086600000|100%| O|  |TAMS 0x0000000086600000, 0x0000000086500000| Untracked 
| 102|0x0000000086600000, 0x0000000086700000, 0x0000000086700000|100%| O|  |TAMS 0x0000000086700000, 0x0000000086600000| Untracked 
| 103|0x0000000086700000, 0x0000000086800000, 0x0000000086800000|100%|HS|  |TAMS 0x0000000086800000, 0x0000000086700000| Complete 
| 104|0x0000000086800000, 0x0000000086900000, 0x0000000086900000|100%|HC|  |TAMS 0x0000000086900000, 0x0000000086800000| Complete 
| 105|0x0000000086900000, 0x0000000086a00000, 0x0000000086a00000|100%|HC|  |TAMS 0x0000000086a00000, 0x0000000086900000| Complete 
| 106|0x0000000086a00000, 0x0000000086b00000, 0x0000000086b00000|100%|HS|  |TAMS 0x0000000086b00000, 0x0000000086a00000| Complete 
| 107|0x0000000086b00000, 0x0000000086c00000, 0x0000000086c00000|100%| O|  |TAMS 0x0000000086c00000, 0x0000000086b00000| Untracked 
| 108|0x0000000086c00000, 0x0000000086d00000, 0x0000000086d00000|100%| O|  |TAMS 0x0000000086d00000, 0x0000000086c00000| Untracked 
| 109|0x0000000086d00000, 0x0000000086e00000, 0x0000000086e00000|100%| O|  |TAMS 0x0000000086e00000, 0x0000000086d00000| Untracked 
| 110|0x0000000086e00000, 0x0000000086f00000, 0x0000000086f00000|100%| O|  |TAMS 0x0000000086f00000, 0x0000000086e00000| Untracked 
| 111|0x0000000086f00000, 0x0000000087000000, 0x0000000087000000|100%| O|  |TAMS 0x0000000087000000, 0x0000000086f00000| Untracked 
| 112|0x0000000087000000, 0x0000000087100000, 0x0000000087100000|100%| O|  |TAMS 0x0000000087100000, 0x0000000087000000| Untracked 
| 113|0x0000000087100000, 0x0000000087200000, 0x0000000087200000|100%| O|  |TAMS 0x0000000087200000, 0x0000000087100000| Untracked 
| 114|0x0000000087200000, 0x0000000087300000, 0x0000000087300000|100%| O|  |TAMS 0x0000000087300000, 0x0000000087200000| Untracked 
| 115|0x0000000087300000, 0x0000000087400000, 0x0000000087400000|100%| O|  |TAMS 0x0000000087400000, 0x0000000087300000| Untracked 
| 116|0x0000000087400000, 0x0000000087500000, 0x0000000087500000|100%| O|  |TAMS 0x0000000087400000, 0x0000000087400000| Untracked 
| 117|0x0000000087500000, 0x0000000087600000, 0x0000000087600000|100%| O|  |TAMS 0x0000000087500000, 0x0000000087500000| Untracked 
| 118|0x0000000087600000, 0x0000000087700000, 0x0000000087700000|100%| O|  |TAMS 0x0000000087700000, 0x0000000087600000| Untracked 
| 119|0x0000000087700000, 0x0000000087800000, 0x0000000087800000|100%| O|  |TAMS 0x0000000087700000, 0x0000000087700000| Untracked 
| 120|0x0000000087800000, 0x0000000087900000, 0x0000000087900000|100%| O|  |TAMS 0x0000000087900000, 0x0000000087800000| Untracked 
| 121|0x0000000087900000, 0x0000000087a00000, 0x0000000087a00000|100%| O|  |TAMS 0x0000000087a00000, 0x0000000087900000| Untracked 
| 122|0x0000000087a00000, 0x0000000087b00000, 0x0000000087b00000|100%| O|  |TAMS 0x0000000087b00000, 0x0000000087a00000| Untracked 
| 123|0x0000000087b00000, 0x0000000087c00000, 0x0000000087c00000|100%| O|  |TAMS 0x0000000087c00000, 0x0000000087b00000| Untracked 
| 124|0x0000000087c00000, 0x0000000087d00000, 0x0000000087d00000|100%| O|  |TAMS 0x0000000087d00000, 0x0000000087c00000| Untracked 
| 125|0x0000000087d00000, 0x0000000087e00000, 0x0000000087e00000|100%| O|  |TAMS 0x0000000087d93a00, 0x0000000087d00000| Untracked 
| 126|0x0000000087e00000, 0x0000000087f00000, 0x0000000087f00000|100%| O|  |TAMS 0x0000000087e00000, 0x0000000087e00000| Untracked 
| 127|0x0000000087f00000, 0x0000000088000000, 0x0000000088000000|100%| O|  |TAMS 0x0000000087f00000, 0x0000000087f00000| Untracked 
| 128|0x0000000088000000, 0x0000000088100000, 0x0000000088100000|100%| O|  |TAMS 0x0000000088000000, 0x0000000088000000| Untracked 
| 129|0x0000000088100000, 0x0000000088200000, 0x0000000088200000|100%| O|  |TAMS 0x0000000088100000, 0x0000000088100000| Untracked 
| 130|0x0000000088200000, 0x0000000088300000, 0x0000000088300000|100%| O|  |TAMS 0x0000000088200000, 0x0000000088200000| Untracked 
| 131|0x0000000088300000, 0x0000000088400000, 0x0000000088400000|100%| O|  |TAMS 0x0000000088300000, 0x0000000088300000| Untracked 
| 132|0x0000000088400000, 0x0000000088500000, 0x0000000088500000|100%| O|  |TAMS 0x0000000088400000, 0x0000000088400000| Untracked 
| 133|0x0000000088500000, 0x0000000088600000, 0x0000000088600000|100%| O|  |TAMS 0x0000000088500000, 0x0000000088500000| Untracked 
| 134|0x0000000088600000, 0x0000000088700000, 0x0000000088700000|100%| O|  |TAMS 0x0000000088600000, 0x0000000088600000| Untracked 
| 135|0x0000000088700000, 0x0000000088800000, 0x0000000088800000|100%| O|  |TAMS 0x0000000088700000, 0x0000000088700000| Untracked 
| 136|0x0000000088800000, 0x0000000088900000, 0x0000000088900000|100%| O|  |TAMS 0x0000000088800000, 0x0000000088800000| Untracked 
| 137|0x0000000088900000, 0x0000000088a00000, 0x0000000088a00000|100%| O|  |TAMS 0x0000000088900000, 0x0000000088900000| Untracked 
| 138|0x0000000088a00000, 0x0000000088b00000, 0x0000000088b00000|100%| O|  |TAMS 0x0000000088a00000, 0x0000000088a00000| Untracked 
| 139|0x0000000088b00000, 0x0000000088c00000, 0x0000000088c00000|100%| O|  |TAMS 0x0000000088b00000, 0x0000000088b00000| Untracked 
| 140|0x0000000088c00000, 0x0000000088d00000, 0x0000000088d00000|100%| O|  |TAMS 0x0000000088c00000, 0x0000000088c00000| Untracked 
| 141|0x0000000088d00000, 0x0000000088e00000, 0x0000000088e00000|100%| O|  |TAMS 0x0000000088d00000, 0x0000000088d00000| Untracked 
| 142|0x0000000088e00000, 0x0000000088f00000, 0x0000000088f00000|100%| O|  |TAMS 0x0000000088e00000, 0x0000000088e00000| Untracked 
| 143|0x0000000088f00000, 0x0000000089000000, 0x0000000089000000|100%| O|  |TAMS 0x0000000088f00000, 0x0000000088f00000| Untracked 
| 144|0x0000000089000000, 0x0000000089100000, 0x0000000089100000|100%| O|  |TAMS 0x0000000089000000, 0x0000000089000000| Untracked 
| 145|0x0000000089100000, 0x0000000089200000, 0x0000000089200000|100%| O|  |TAMS 0x0000000089100000, 0x0000000089100000| Untracked 
| 146|0x0000000089200000, 0x0000000089300000, 0x0000000089300000|100%| O|  |TAMS 0x0000000089200000, 0x0000000089200000| Untracked 
| 147|0x0000000089300000, 0x0000000089400000, 0x0000000089400000|100%| O|  |TAMS 0x0000000089300000, 0x0000000089300000| Untracked 
| 148|0x0000000089400000, 0x0000000089500000, 0x0000000089500000|100%| O|  |TAMS 0x0000000089400000, 0x0000000089400000| Untracked 
| 149|0x0000000089500000, 0x0000000089600000, 0x0000000089600000|100%| O|  |TAMS 0x0000000089500000, 0x0000000089500000| Untracked 
| 150|0x0000000089600000, 0x0000000089700000, 0x0000000089700000|100%| O|  |TAMS 0x0000000089600000, 0x0000000089600000| Untracked 
| 151|0x0000000089700000, 0x0000000089800000, 0x0000000089800000|100%| O|  |TAMS 0x0000000089700000, 0x0000000089700000| Untracked 
| 152|0x0000000089800000, 0x0000000089900000, 0x0000000089900000|100%| O|  |TAMS 0x0000000089800000, 0x0000000089800000| Untracked 
| 153|0x0000000089900000, 0x0000000089a00000, 0x0000000089a00000|100%| O|  |TAMS 0x0000000089900000, 0x0000000089900000| Untracked 
| 154|0x0000000089a00000, 0x0000000089b00000, 0x0000000089b00000|100%| O|  |TAMS 0x0000000089a00000, 0x0000000089a00000| Untracked 
| 155|0x0000000089b00000, 0x0000000089c00000, 0x0000000089c00000|100%| O|  |TAMS 0x0000000089b00000, 0x0000000089b00000| Untracked 
| 156|0x0000000089c00000, 0x0000000089d00000, 0x0000000089d00000|100%| O|  |TAMS 0x0000000089c00000, 0x0000000089c00000| Untracked 
| 157|0x0000000089d00000, 0x0000000089e00000, 0x0000000089e00000|100%| O|  |TAMS 0x0000000089d00000, 0x0000000089d00000| Untracked 
| 158|0x0000000089e00000, 0x0000000089f00000, 0x0000000089f00000|100%| O|  |TAMS 0x0000000089e00000, 0x0000000089e00000| Untracked 
| 159|0x0000000089f00000, 0x000000008a000000, 0x000000008a000000|100%| O|  |TAMS 0x0000000089f00000, 0x0000000089f00000| Untracked 
| 160|0x000000008a000000, 0x000000008a100000, 0x000000008a100000|100%| O|  |TAMS 0x000000008a000000, 0x000000008a000000| Untracked 
| 161|0x000000008a100000, 0x000000008a200000, 0x000000008a200000|100%| O|  |TAMS 0x000000008a100000, 0x000000008a100000| Untracked 
| 162|0x000000008a200000, 0x000000008a300000, 0x000000008a300000|100%|HS|  |TAMS 0x000000008a200000, 0x000000008a200000| Complete 
| 163|0x000000008a300000, 0x000000008a400000, 0x000000008a400000|100%|HS|  |TAMS 0x000000008a300000, 0x000000008a300000| Complete 
| 164|0x000000008a400000, 0x000000008a500000, 0x000000008a500000|100%| O|  |TAMS 0x000000008a400000, 0x000000008a400000| Untracked 
| 165|0x000000008a500000, 0x000000008a600000, 0x000000008a600000|100%|HS|  |TAMS 0x000000008a500000, 0x000000008a500000| Complete 
| 166|0x000000008a600000, 0x000000008a700000, 0x000000008a700000|100%|HC|  |TAMS 0x000000008a600000, 0x000000008a600000| Complete 
| 167|0x000000008a700000, 0x000000008a800000, 0x000000008a800000|100%| O|  |TAMS 0x000000008a700000, 0x000000008a700000| Untracked 
| 168|0x000000008a800000, 0x000000008a900000, 0x000000008a900000|100%| O|  |TAMS 0x000000008a800000, 0x000000008a800000| Untracked 
| 169|0x000000008a900000, 0x000000008aa00000, 0x000000008aa00000|100%| O|  |TAMS 0x000000008a900000, 0x000000008a900000| Untracked 
| 170|0x000000008aa00000, 0x000000008ab00000, 0x000000008ab00000|100%| O|  |TAMS 0x000000008aa00000, 0x000000008aa00000| Untracked 
| 171|0x000000008ab00000, 0x000000008ac00000, 0x000000008ac00000|100%| O|  |TAMS 0x000000008ab00000, 0x000000008ab00000| Untracked 
| 172|0x000000008ac00000, 0x000000008ad00000, 0x000000008ad00000|100%| O|  |TAMS 0x000000008ac00000, 0x000000008ac00000| Untracked 
| 173|0x000000008ad00000, 0x000000008ae00000, 0x000000008ae00000|100%| O|  |TAMS 0x000000008ad00000, 0x000000008ad00000| Untracked 
| 174|0x000000008ae00000, 0x000000008af00000, 0x000000008af00000|100%| O|  |TAMS 0x000000008ae00000, 0x000000008ae00000| Untracked 
| 175|0x000000008af00000, 0x000000008b000000, 0x000000008b000000|100%| O|  |TAMS 0x000000008af00000, 0x000000008af00000| Untracked 
| 176|0x000000008b000000, 0x000000008b100000, 0x000000008b100000|100%| O|  |TAMS 0x000000008b000000, 0x000000008b000000| Untracked 
| 177|0x000000008b100000, 0x000000008b200000, 0x000000008b200000|100%| O|  |TAMS 0x000000008b100000, 0x000000008b100000| Untracked 
| 178|0x000000008b200000, 0x000000008b300000, 0x000000008b300000|100%| O|  |TAMS 0x000000008b200000, 0x000000008b200000| Untracked 
| 179|0x000000008b300000, 0x000000008b400000, 0x000000008b400000|100%| O|  |TAMS 0x000000008b300000, 0x000000008b300000| Untracked 
| 180|0x000000008b400000, 0x000000008b500000, 0x000000008b500000|100%| O|  |TAMS 0x000000008b400000, 0x000000008b400000| Untracked 
| 181|0x000000008b500000, 0x000000008b600000, 0x000000008b600000|100%| O|  |TAMS 0x000000008b500000, 0x000000008b500000| Untracked 
| 182|0x000000008b600000, 0x000000008b700000, 0x000000008b700000|100%| O|  |TAMS 0x000000008b600000, 0x000000008b600000| Untracked 
| 183|0x000000008b700000, 0x000000008b800000, 0x000000008b800000|100%| O|  |TAMS 0x000000008b700000, 0x000000008b700000| Untracked 
| 184|0x000000008b800000, 0x000000008b900000, 0x000000008b900000|100%| O|  |TAMS 0x000000008b800000, 0x000000008b800000| Untracked 
| 185|0x000000008b900000, 0x000000008ba00000, 0x000000008ba00000|100%|HS|  |TAMS 0x000000008b900000, 0x000000008b900000| Complete 
| 186|0x000000008ba00000, 0x000000008bb00000, 0x000000008bb00000|100%|HS|  |TAMS 0x000000008ba00000, 0x000000008ba00000| Complete 
| 187|0x000000008bb00000, 0x000000008bc00000, 0x000000008bc00000|100%| O|  |TAMS 0x000000008bb00000, 0x000000008bb00000| Untracked 
| 188|0x000000008bc00000, 0x000000008bd00000, 0x000000008bd00000|100%| O|  |TAMS 0x000000008bc00000, 0x000000008bc00000| Untracked 
| 189|0x000000008bd00000, 0x000000008be00000, 0x000000008be00000|100%| O|  |TAMS 0x000000008bd00000, 0x000000008bd00000| Untracked 
| 190|0x000000008be00000, 0x000000008bf00000, 0x000000008bf00000|100%| O|  |TAMS 0x000000008be00000, 0x000000008be00000| Untracked 
| 191|0x000000008bf00000, 0x000000008c000000, 0x000000008c000000|100%| O|  |TAMS 0x000000008bf00000, 0x000000008bf00000| Untracked 
| 192|0x000000008c000000, 0x000000008c100000, 0x000000008c100000|100%| O|  |TAMS 0x000000008c000000, 0x000000008c000000| Untracked 
| 193|0x000000008c100000, 0x000000008c200000, 0x000000008c200000|100%| O|  |TAMS 0x000000008c100000, 0x000000008c100000| Untracked 
| 194|0x000000008c200000, 0x000000008c300000, 0x000000008c300000|100%| O|  |TAMS 0x000000008c200000, 0x000000008c200000| Untracked 
| 195|0x000000008c300000, 0x000000008c400000, 0x000000008c400000|100%| O|  |TAMS 0x000000008c300000, 0x000000008c300000| Untracked 
| 196|0x000000008c400000, 0x000000008c500000, 0x000000008c500000|100%| O|  |TAMS 0x000000008c400000, 0x000000008c400000| Untracked 
| 197|0x000000008c500000, 0x000000008c600000, 0x000000008c600000|100%| O|  |TAMS 0x000000008c500000, 0x000000008c500000| Untracked 
| 198|0x000000008c600000, 0x000000008c700000, 0x000000008c700000|100%| O|  |TAMS 0x000000008c600000, 0x000000008c600000| Untracked 
| 199|0x000000008c700000, 0x000000008c800000, 0x000000008c800000|100%| O|  |TAMS 0x000000008c700000, 0x000000008c700000| Untracked 
| 200|0x000000008c800000, 0x000000008c900000, 0x000000008c900000|100%| O|  |TAMS 0x000000008c800000, 0x000000008c800000| Untracked 
| 201|0x000000008c900000, 0x000000008ca00000, 0x000000008ca00000|100%| O|  |TAMS 0x000000008c900000, 0x000000008c900000| Untracked 
| 202|0x000000008ca00000, 0x000000008cb00000, 0x000000008cb00000|100%| O|  |TAMS 0x000000008ca00000, 0x000000008ca00000| Untracked 
| 203|0x000000008cb00000, 0x000000008cc00000, 0x000000008cc00000|100%| O|  |TAMS 0x000000008cb00000, 0x000000008cb00000| Untracked 
| 204|0x000000008cc00000, 0x000000008cd00000, 0x000000008cd00000|100%| O|  |TAMS 0x000000008cc00000, 0x000000008cc00000| Untracked 
| 205|0x000000008cd00000, 0x000000008ce00000, 0x000000008ce00000|100%| O|  |TAMS 0x000000008cd00000, 0x000000008cd00000| Untracked 
| 206|0x000000008ce00000, 0x000000008cf00000, 0x000000008cf00000|100%| O|  |TAMS 0x000000008ce00000, 0x000000008ce00000| Untracked 
| 207|0x000000008cf00000, 0x000000008d000000, 0x000000008d000000|100%| O|  |TAMS 0x000000008cf00000, 0x000000008cf00000| Untracked 
| 208|0x000000008d000000, 0x000000008d100000, 0x000000008d100000|100%| O|  |TAMS 0x000000008d000000, 0x000000008d000000| Untracked 
| 209|0x000000008d100000, 0x000000008d200000, 0x000000008d200000|100%| O|  |TAMS 0x000000008d100000, 0x000000008d100000| Untracked 
| 210|0x000000008d200000, 0x000000008d300000, 0x000000008d300000|100%| O|  |TAMS 0x000000008d200000, 0x000000008d200000| Untracked 
| 211|0x000000008d300000, 0x000000008d400000, 0x000000008d400000|100%| O|  |TAMS 0x000000008d300000, 0x000000008d300000| Untracked 
| 212|0x000000008d400000, 0x000000008d500000, 0x000000008d500000|100%| O|  |TAMS 0x000000008d400000, 0x000000008d400000| Untracked 
| 213|0x000000008d500000, 0x000000008d600000, 0x000000008d600000|100%| O|  |TAMS 0x000000008d500000, 0x000000008d500000| Untracked 
| 214|0x000000008d600000, 0x000000008d700000, 0x000000008d700000|100%| O|  |TAMS 0x000000008d600000, 0x000000008d600000| Untracked 
| 215|0x000000008d700000, 0x000000008d800000, 0x000000008d800000|100%| O|  |TAMS 0x000000008d700000, 0x000000008d700000| Untracked 
| 216|0x000000008d800000, 0x000000008d900000, 0x000000008d900000|100%| O|  |TAMS 0x000000008d800000, 0x000000008d800000| Untracked 
| 217|0x000000008d900000, 0x000000008da00000, 0x000000008da00000|100%| O|  |TAMS 0x000000008d900000, 0x000000008d900000| Untracked 
| 218|0x000000008da00000, 0x000000008db00000, 0x000000008db00000|100%| O|  |TAMS 0x000000008da00000, 0x000000008da00000| Untracked 
| 219|0x000000008db00000, 0x000000008dc00000, 0x000000008dc00000|100%| O|  |TAMS 0x000000008db00000, 0x000000008db00000| Untracked 
| 220|0x000000008dc00000, 0x000000008dd00000, 0x000000008dd00000|100%| O|  |TAMS 0x000000008dc00000, 0x000000008dc00000| Untracked 
| 221|0x000000008dd00000, 0x000000008de00000, 0x000000008de00000|100%| O|  |TAMS 0x000000008dd00000, 0x000000008dd00000| Untracked 
| 222|0x000000008de00000, 0x000000008df00000, 0x000000008df00000|100%| O|  |TAMS 0x000000008de00000, 0x000000008de00000| Untracked 
| 223|0x000000008df00000, 0x000000008e000000, 0x000000008e000000|100%| O|  |TAMS 0x000000008df00000, 0x000000008df00000| Untracked 
| 224|0x000000008e000000, 0x000000008e100000, 0x000000008e100000|100%| O|  |TAMS 0x000000008e000000, 0x000000008e000000| Untracked 
| 225|0x000000008e100000, 0x000000008e200000, 0x000000008e200000|100%| O|  |TAMS 0x000000008e100000, 0x000000008e100000| Untracked 
| 226|0x000000008e200000, 0x000000008e300000, 0x000000008e300000|100%| O|  |TAMS 0x000000008e200000, 0x000000008e200000| Untracked 
| 227|0x000000008e300000, 0x000000008e3d5600, 0x000000008e400000| 83%| O|  |TAMS 0x000000008e300000, 0x000000008e300000| Untracked 
| 228|0x000000008e400000, 0x000000008e500000, 0x000000008e500000|100%|HS|  |TAMS 0x000000008e400000, 0x000000008e400000| Complete 
| 229|0x000000008e500000, 0x000000008e600000, 0x000000008e600000|100%|HS|  |TAMS 0x000000008e500000, 0x000000008e500000| Complete 
| 230|0x000000008e600000, 0x000000008e700000, 0x000000008e700000|100%|HS|  |TAMS 0x000000008e600000, 0x000000008e600000| Complete 
| 231|0x000000008e700000, 0x000000008e800000, 0x000000008e800000|100%|HS|  |TAMS 0x000000008e700000, 0x000000008e700000| Complete 
| 232|0x000000008e800000, 0x000000008e900000, 0x000000008e900000|100%|HS|  |TAMS 0x000000008e800000, 0x000000008e800000| Complete 
| 233|0x000000008e900000, 0x000000008e900000, 0x000000008ea00000|  0%| F|  |TAMS 0x000000008e900000, 0x000000008e900000| Untracked 
| 234|0x000000008ea00000, 0x000000008ea00000, 0x000000008eb00000|  0%| F|  |TAMS 0x000000008ea00000, 0x000000008ea00000| Untracked 
| 235|0x000000008eb00000, 0x000000008eb00000, 0x000000008ec00000|  0%| F|  |TAMS 0x000000008eb00000, 0x000000008eb00000| Untracked 
| 236|0x000000008ec00000, 0x000000008ec00000, 0x000000008ed00000|  0%| F|  |TAMS 0x000000008ec00000, 0x000000008ec00000| Untracked 
| 237|0x000000008ed00000, 0x000000008ed00000, 0x000000008ee00000|  0%| F|  |TAMS 0x000000008ed00000, 0x000000008ed00000| Untracked 
| 238|0x000000008ee00000, 0x000000008ee00000, 0x000000008ef00000|  0%| F|  |TAMS 0x000000008ee00000, 0x000000008ee00000| Untracked 
| 239|0x000000008ef00000, 0x000000008ef00000, 0x000000008f000000|  0%| F|  |TAMS 0x000000008ef00000, 0x000000008ef00000| Untracked 
| 240|0x000000008f000000, 0x000000008f000000, 0x000000008f100000|  0%| F|  |TAMS 0x000000008f000000, 0x000000008f000000| Untracked 
| 241|0x000000008f100000, 0x000000008f100000, 0x000000008f200000|  0%| F|  |TAMS 0x000000008f100000, 0x000000008f100000| Untracked 
| 242|0x000000008f200000, 0x000000008f200000, 0x000000008f300000|  0%| F|  |TAMS 0x000000008f200000, 0x000000008f200000| Untracked 
| 243|0x000000008f300000, 0x000000008f300000, 0x000000008f400000|  0%| F|  |TAMS 0x000000008f300000, 0x000000008f300000| Untracked 
| 244|0x000000008f400000, 0x000000008f400000, 0x000000008f500000|  0%| F|  |TAMS 0x000000008f400000, 0x000000008f400000| Untracked 
| 245|0x000000008f500000, 0x000000008f500000, 0x000000008f600000|  0%| F|  |TAMS 0x000000008f500000, 0x000000008f500000| Untracked 
| 246|0x000000008f600000, 0x000000008f600000, 0x000000008f700000|  0%| F|  |TAMS 0x000000008f600000, 0x000000008f600000| Untracked 
| 247|0x000000008f700000, 0x000000008f700000, 0x000000008f800000|  0%| F|  |TAMS 0x000000008f700000, 0x000000008f700000| Untracked 
| 248|0x000000008f800000, 0x000000008f800000, 0x000000008f900000|  0%| F|  |TAMS 0x000000008f800000, 0x000000008f800000| Untracked 
| 249|0x000000008f900000, 0x000000008f900000, 0x000000008fa00000|  0%| F|  |TAMS 0x000000008f900000, 0x000000008f900000| Untracked 
| 250|0x000000008fa00000, 0x000000008fa00000, 0x000000008fb00000|  0%| F|  |TAMS 0x000000008fa00000, 0x000000008fa00000| Untracked 
| 251|0x000000008fb00000, 0x000000008fb00000, 0x000000008fc00000|  0%| F|  |TAMS 0x000000008fb00000, 0x000000008fb00000| Untracked 
| 252|0x000000008fc00000, 0x000000008fc00000, 0x000000008fd00000|  0%| F|  |TAMS 0x000000008fc00000, 0x000000008fc00000| Untracked 
| 253|0x000000008fd00000, 0x000000008fd00000, 0x000000008fe00000|  0%| F|  |TAMS 0x000000008fd00000, 0x000000008fd00000| Untracked 
| 254|0x000000008fe00000, 0x000000008fe00000, 0x000000008ff00000|  0%| F|  |TAMS 0x000000008fe00000, 0x000000008fe00000| Untracked 
| 255|0x000000008ff00000, 0x000000008ff00000, 0x0000000090000000|  0%| F|  |TAMS 0x000000008ff00000, 0x000000008ff00000| Untracked 
| 256|0x0000000090000000, 0x0000000090000000, 0x0000000090100000|  0%| F|  |TAMS 0x0000000090000000, 0x0000000090000000| Untracked 
| 257|0x0000000090100000, 0x0000000090100000, 0x0000000090200000|  0%| F|  |TAMS 0x0000000090100000, 0x0000000090100000| Untracked 
| 258|0x0000000090200000, 0x0000000090200000, 0x0000000090300000|  0%| F|  |TAMS 0x0000000090200000, 0x0000000090200000| Untracked 
| 259|0x0000000090300000, 0x0000000090300000, 0x0000000090400000|  0%| F|  |TAMS 0x0000000090300000, 0x0000000090300000| Untracked 
| 260|0x0000000090400000, 0x0000000090400000, 0x0000000090500000|  0%| F|  |TAMS 0x0000000090400000, 0x0000000090400000| Untracked 
| 261|0x0000000090500000, 0x0000000090500000, 0x0000000090600000|  0%| F|  |TAMS 0x0000000090500000, 0x0000000090500000| Untracked 
| 262|0x0000000090600000, 0x0000000090600000, 0x0000000090700000|  0%| F|  |TAMS 0x0000000090600000, 0x0000000090600000| Untracked 
| 263|0x0000000090700000, 0x0000000090700000, 0x0000000090800000|  0%| F|  |TAMS 0x0000000090700000, 0x0000000090700000| Untracked 
| 264|0x0000000090800000, 0x0000000090800000, 0x0000000090900000|  0%| F|  |TAMS 0x0000000090800000, 0x0000000090800000| Untracked 
| 265|0x0000000090900000, 0x0000000090996e80, 0x0000000090a00000| 58%| S|CS|TAMS 0x0000000090900000, 0x0000000090900000| Complete 
| 266|0x0000000090a00000, 0x0000000090b00000, 0x0000000090b00000|100%| S|CS|TAMS 0x0000000090a00000, 0x0000000090a00000| Complete 
| 267|0x0000000090b00000, 0x0000000090b00000, 0x0000000090c00000|  0%| F|  |TAMS 0x0000000090b00000, 0x0000000090b00000| Untracked 
| 268|0x0000000090c00000, 0x0000000090c00000, 0x0000000090d00000|  0%| F|  |TAMS 0x0000000090c00000, 0x0000000090c00000| Untracked 
| 269|0x0000000090d00000, 0x0000000090d00000, 0x0000000090e00000|  0%| F|  |TAMS 0x0000000090d00000, 0x0000000090d00000| Untracked 
| 270|0x0000000090e00000, 0x0000000090e00000, 0x0000000090f00000|  0%| F|  |TAMS 0x0000000090e00000, 0x0000000090e00000| Untracked 
| 271|0x0000000090f00000, 0x0000000091000000, 0x0000000091000000|100%| S|CS|TAMS 0x0000000090f00000, 0x0000000090f00000| Complete 
| 272|0x0000000091000000, 0x0000000091100000, 0x0000000091100000|100%| S|CS|TAMS 0x0000000091000000, 0x0000000091000000| Complete 
| 273|0x0000000091100000, 0x0000000091200000, 0x0000000091200000|100%| S|CS|TAMS 0x0000000091100000, 0x0000000091100000| Complete 
| 274|0x0000000091200000, 0x0000000091200000, 0x0000000091300000|  0%| F|  |TAMS 0x0000000091200000, 0x0000000091200000| Untracked 
| 275|0x0000000091300000, 0x0000000091300000, 0x0000000091400000|  0%| F|  |TAMS 0x0000000091300000, 0x0000000091300000| Untracked 
| 276|0x0000000091400000, 0x0000000091400000, 0x0000000091500000|  0%| F|  |TAMS 0x0000000091400000, 0x0000000091400000| Untracked 
| 277|0x0000000091500000, 0x0000000091500000, 0x0000000091600000|  0%| F|  |TAMS 0x0000000091500000, 0x0000000091500000| Untracked 
| 278|0x0000000091600000, 0x0000000091600000, 0x0000000091700000|  0%| F|  |TAMS 0x0000000091600000, 0x0000000091600000| Untracked 
| 279|0x0000000091700000, 0x0000000091700000, 0x0000000091800000|  0%| F|  |TAMS 0x0000000091700000, 0x0000000091700000| Untracked 
| 280|0x0000000091800000, 0x0000000091800000, 0x0000000091900000|  0%| F|  |TAMS 0x0000000091800000, 0x0000000091800000| Untracked 
| 281|0x0000000091900000, 0x0000000091900000, 0x0000000091a00000|  0%| F|  |TAMS 0x0000000091900000, 0x0000000091900000| Untracked 
| 282|0x0000000091a00000, 0x0000000091a00000, 0x0000000091b00000|  0%| F|  |TAMS 0x0000000091a00000, 0x0000000091a00000| Untracked 
| 283|0x0000000091b00000, 0x0000000091b991c0, 0x0000000091c00000| 59%| E|  |TAMS 0x0000000091b00000, 0x0000000091b00000| Complete 
| 284|0x0000000091c00000, 0x0000000091d00000, 0x0000000091d00000|100%| E|CS|TAMS 0x0000000091c00000, 0x0000000091c00000| Complete 
| 285|0x0000000091d00000, 0x0000000091e00000, 0x0000000091e00000|100%| E|  |TAMS 0x0000000091d00000, 0x0000000091d00000| Complete 
| 286|0x0000000091e00000, 0x0000000091f00000, 0x0000000091f00000|100%| E|CS|TAMS 0x0000000091e00000, 0x0000000091e00000| Complete 
| 287|0x0000000091f00000, 0x0000000092000000, 0x0000000092000000|100%| E|CS|TAMS 0x0000000091f00000, 0x0000000091f00000| Complete 
| 288|0x0000000092000000, 0x0000000092100000, 0x0000000092100000|100%| E|CS|TAMS 0x0000000092000000, 0x0000000092000000| Complete 
| 289|0x0000000092100000, 0x0000000092200000, 0x0000000092200000|100%| E|CS|TAMS 0x0000000092100000, 0x0000000092100000| Complete 
| 290|0x0000000092200000, 0x0000000092300000, 0x0000000092300000|100%| E|CS|TAMS 0x0000000092200000, 0x0000000092200000| Complete 
| 291|0x0000000092300000, 0x0000000092400000, 0x0000000092400000|100%| E|CS|TAMS 0x0000000092300000, 0x0000000092300000| Complete 
| 292|0x0000000092400000, 0x0000000092500000, 0x0000000092500000|100%| E|CS|TAMS 0x0000000092400000, 0x0000000092400000| Complete 
| 293|0x0000000092500000, 0x0000000092600000, 0x0000000092600000|100%| E|CS|TAMS 0x0000000092500000, 0x0000000092500000| Complete 
| 294|0x0000000092600000, 0x0000000092700000, 0x0000000092700000|100%| E|CS|TAMS 0x0000000092600000, 0x0000000092600000| Complete 
| 295|0x0000000092700000, 0x0000000092800000, 0x0000000092800000|100%| E|CS|TAMS 0x0000000092700000, 0x0000000092700000| Complete 
| 296|0x0000000092800000, 0x0000000092900000, 0x0000000092900000|100%| E|CS|TAMS 0x0000000092800000, 0x0000000092800000| Complete 
| 297|0x0000000092900000, 0x0000000092a00000, 0x0000000092a00000|100%| E|CS|TAMS 0x0000000092900000, 0x0000000092900000| Complete 
| 298|0x0000000092a00000, 0x0000000092b00000, 0x0000000092b00000|100%| E|CS|TAMS 0x0000000092a00000, 0x0000000092a00000| Complete 
| 299|0x0000000092b00000, 0x0000000092c00000, 0x0000000092c00000|100%| E|CS|TAMS 0x0000000092b00000, 0x0000000092b00000| Complete 
| 300|0x0000000092c00000, 0x0000000092d00000, 0x0000000092d00000|100%| E|CS|TAMS 0x0000000092c00000, 0x0000000092c00000| Complete 
| 301|0x0000000092d00000, 0x0000000092e00000, 0x0000000092e00000|100%| E|CS|TAMS 0x0000000092d00000, 0x0000000092d00000| Complete 
| 302|0x0000000092e00000, 0x0000000092f00000, 0x0000000092f00000|100%| E|CS|TAMS 0x0000000092e00000, 0x0000000092e00000| Complete 
| 303|0x0000000092f00000, 0x0000000093000000, 0x0000000093000000|100%| E|CS|TAMS 0x0000000092f00000, 0x0000000092f00000| Complete 
| 304|0x0000000093000000, 0x0000000093100000, 0x0000000093100000|100%| E|CS|TAMS 0x0000000093000000, 0x0000000093000000| Complete 
| 305|0x0000000093100000, 0x0000000093200000, 0x0000000093200000|100%| E|CS|TAMS 0x0000000093100000, 0x0000000093100000| Complete 
| 306|0x0000000093200000, 0x0000000093300000, 0x0000000093300000|100%| E|CS|TAMS 0x0000000093200000, 0x0000000093200000| Complete 
| 307|0x0000000093300000, 0x00000000933ffff8, 0x0000000093400000| 99%| E|CS|TAMS 0x0000000093300000, 0x0000000093300000| Complete 
| 308|0x0000000093400000, 0x0000000093500000, 0x0000000093500000|100%| E|CS|TAMS 0x0000000093400000, 0x0000000093400000| Complete 
| 309|0x0000000093500000, 0x0000000093600000, 0x0000000093600000|100%| E|CS|TAMS 0x0000000093500000, 0x0000000093500000| Complete 
| 310|0x0000000093600000, 0x0000000093700000, 0x0000000093700000|100%| E|CS|TAMS 0x0000000093600000, 0x0000000093600000| Complete 
| 311|0x0000000093700000, 0x0000000093800000, 0x0000000093800000|100%| E|CS|TAMS 0x0000000093700000, 0x0000000093700000| Complete 
| 312|0x0000000093800000, 0x0000000093900000, 0x0000000093900000|100%| E|CS|TAMS 0x0000000093800000, 0x0000000093800000| Complete 
| 313|0x0000000093900000, 0x0000000093a00000, 0x0000000093a00000|100%| E|CS|TAMS 0x0000000093900000, 0x0000000093900000| Complete 
| 314|0x0000000093a00000, 0x0000000093b00000, 0x0000000093b00000|100%| E|CS|TAMS 0x0000000093a00000, 0x0000000093a00000| Complete 
| 315|0x0000000093b00000, 0x0000000093c00000, 0x0000000093c00000|100%| E|CS|TAMS 0x0000000093b00000, 0x0000000093b00000| Complete 
| 316|0x0000000093c00000, 0x0000000093d00000, 0x0000000093d00000|100%| E|CS|TAMS 0x0000000093c00000, 0x0000000093c00000| Complete 
| 317|0x0000000093d00000, 0x0000000093e00000, 0x0000000093e00000|100%| E|CS|TAMS 0x0000000093d00000, 0x0000000093d00000| Complete 
| 318|0x0000000093e00000, 0x0000000093effff8, 0x0000000093f00000| 99%| E|CS|TAMS 0x0000000093e00000, 0x0000000093e00000| Complete 
| 319|0x0000000093f00000, 0x0000000094000000, 0x0000000094000000|100%| E|CS|TAMS 0x0000000093f00000, 0x0000000093f00000| Complete 
| 320|0x0000000094000000, 0x0000000094100000, 0x0000000094100000|100%| E|CS|TAMS 0x0000000094000000, 0x0000000094000000| Complete 
| 321|0x0000000094100000, 0x0000000094200000, 0x0000000094200000|100%| E|CS|TAMS 0x0000000094100000, 0x0000000094100000| Complete 
| 322|0x0000000094200000, 0x0000000094300000, 0x0000000094300000|100%| E|CS|TAMS 0x0000000094200000, 0x0000000094200000| Complete 

Card table byte_map: [0x000001d3eae40000,0x000001d3eb240000] _byte_map_base: 0x000001d3eaa40000

Marking Bits (Prev, Next): (CMBitMap*) 0x000001d3d1cf1ee0, (CMBitMap*) 0x000001d3d1cf1ea0
 Prev Bits: [0x000001d3ed640000, 0x000001d3ef640000)
 Next Bits: [0x000001d3eb640000, 0x000001d3ed640000)

Polling page: 0x000001d3d1d40000

Metaspace:

Usage:
  Non-class:    102.77 MB used.
      Class:     16.56 MB used.
       Both:    119.33 MB used.

Virtual space:
  Non-class space:      128.00 MB reserved,     103.62 MB ( 81%) committed,  2 nodes.
      Class space:      416.00 MB reserved,      17.38 MB (  4%) committed,  1 nodes.
             Both:      544.00 MB reserved,     121.00 MB ( 22%) committed. 

Chunk freelists:
   Non-Class:  7.78 MB
       Class:  14.47 MB
        Both:  22.25 MB

MaxMetaspaceSize: 512.00 MB
CompressedClassSpaceSize: 416.00 MB
Initial GC threshold: 21.00 MB
Current GC threshold: 173.12 MB
CDS: on
MetaspaceReclaimPolicy: balanced
 - commit_granule_bytes: 65536.
 - commit_granule_words: 8192.
 - virtual_space_node_default_size: 8388608.
 - enlarge_chunks_in_place: 1.
 - new_chunks_are_fully_committed: 0.
 - uncommit_free_chunks: 1.
 - use_allocation_guard: 0.
 - handle_deallocations: 1.


Internal statistics:

num_allocs_failed_limit: 9.
num_arena_births: 2556.
num_arena_deaths: 0.
num_vsnodes_births: 3.
num_vsnodes_deaths: 0.
num_space_committed: 1935.
num_space_uncommitted: 0.
num_chunks_returned_to_freelist: 9.
num_chunks_taken_from_freelist: 8270.
num_chunk_merges: 9.
num_chunk_splits: 5222.
num_chunks_enlarged: 3135.
num_inconsistent_stats: 0.

CodeHeap 'non-profiled nmethods': size=120000Kb used=12317Kb max_used=12317Kb free=107682Kb
 bounds [0x000001d3e2ab0000, 0x000001d3e36c0000, 0x000001d3e9fe0000]
CodeHeap 'profiled nmethods': size=120000Kb used=30717Kb max_used=30717Kb free=89283Kb
 bounds [0x000001d3dafe0000, 0x000001d3dcdf0000, 0x000001d3e2510000]
CodeHeap 'non-nmethods': size=5760Kb used=1822Kb max_used=1903Kb free=3937Kb
 bounds [0x000001d3e2510000, 0x000001d3e2780000, 0x000001d3e2ab0000]
 total_blobs=16600 nmethods=15669 adapters=841
 compilation: enabled
              stopped_count=0, restarted_count=0
 full_count=0

Compilation events (20 events):
Event: 118.857 Thread 0x000001d3f217d3f0 18662       3       org.gradle.internal.file.impl.DefaultDeleter::shouldRemoveContentsOf (33 bytes)
Event: 118.858 Thread 0x000001d3f217d3f0 nmethod 18662 0x000001d3dcdd0b10 code [0x000001d3dcdd0d20, 0x000001d3dcdd1558]
Event: 118.866 Thread 0x000001d3f217d3f0 18663       3       java.nio.file.Files::deleteIfExists (9 bytes)
Event: 118.867 Thread 0x000001d3f217d3f0 nmethod 18663 0x000001d3dcdd1810 code [0x000001d3dcdd19e0, 0x000001d3dcdd1d88]
Event: 118.867 Thread 0x000001d3f217d3f0 18664       3       sun.nio.fs.AbstractFileSystemProvider::deleteIfExists (7 bytes)
Event: 118.867 Thread 0x000001d3f217d3f0 nmethod 18664 0x000001d3dcdd1f10 code [0x000001d3dcdd20c0, 0x000001d3dcdd22a8]
Event: 118.867 Thread 0x000001d3f217d3f0 18665       3       sun.nio.fs.WindowsPath::checkDelete (17 bytes)
Event: 118.868 Thread 0x000001d3f217d3f0 nmethod 18665 0x000001d3dcdd2390 code [0x000001d3dcdd2560, 0x000001d3dcdd2908]
Event: 118.881 Thread 0x000001d3f217d3f0 18667   !   3       org.gradle.internal.file.impl.DefaultDeleter::deleteFile (37 bytes)
Event: 118.884 Thread 0x000001d3f217d3f0 nmethod 18667 0x000001d3dcdd2a10 code [0x000001d3dcdd2ce0, 0x000001d3dcdd3d28]
Event: 118.886 Thread 0x000001d3f217d3f0 18668       3       org.gradle.internal.file.impl.DefaultDeleter$Handling$4::getDescendantHandling (4 bytes)
Event: 118.887 Thread 0x000001d3f217d3f0 nmethod 18668 0x000001d3dcdd4410 code [0x000001d3dcdd45a0, 0x000001d3dcdd46b8]
Event: 119.095 Thread 0x000001d3f217d3f0 18669   !   3       org.gradle.internal.file.impl.DefaultDeleter::tryHardToDelete (73 bytes)
Event: 119.097 Thread 0x000001d3f217d3f0 nmethod 18669 0x000001d3dcdd4790 code [0x000001d3dcdd49c0, 0x000001d3dcdd4ed8]
Event: 119.099 Thread 0x000001d3f217d3f0 18670       3       sun.nio.fs.WindowsFileAttributes::isDirectoryLink (23 bytes)
Event: 119.100 Thread 0x000001d3f217d3f0 nmethod 18670 0x000001d3dcdd5110 code [0x000001d3dcdd52c0, 0x000001d3dcdd5518]
Event: 119.100 Thread 0x000001d3f217d3f0 18671   !   3       sun.nio.fs.WindowsNativeDispatcher::DeleteFile (27 bytes)
Event: 119.100 Thread 0x000001d3f217d3f0 nmethod 18671 0x000001d3dcdd5610 code [0x000001d3dcdd5800, 0x000001d3dcdd5b18]
Event: 119.101 Thread 0x000001d3f217d3f0 18672   !   3       sun.nio.fs.WindowsFileSystemProvider::implDelete (135 bytes)
Event: 119.104 Thread 0x000001d3f217d3f0 nmethod 18672 0x000001d3dcdd5d10 code [0x000001d3dcdd60e0, 0x000001d3dcdd7c18]

GC Heap History (20 events):
Event: 113.702 GC heap before
{Heap before GC invocations=131 (full 0):
 garbage-first heap   total 275456K, used 240888K [0x0000000080000000, 0x0000000100000000)
  region size 1024K, 13 young (13312K), 2 survivors (2048K)
 Metaspace       used 120208K, committed 121856K, reserved 557056K
  class space    used 16805K, committed 17600K, reserved 425984K
}
Event: 113.707 GC heap after
{Heap after GC invocations=132 (full 0):
 garbage-first heap   total 275456K, used 230891K [0x0000000080000000, 0x0000000100000000)
  region size 1024K, 2 young (2048K), 2 survivors (2048K)
 Metaspace       used 120208K, committed 121856K, reserved 557056K
  class space    used 16805K, committed 17600K, reserved 425984K
}
Event: 113.837 GC heap before
{Heap before GC invocations=132 (full 0):
 garbage-first heap   total 275456K, used 241131K [0x0000000080000000, 0x0000000100000000)
  region size 1024K, 13 young (13312K), 2 survivors (2048K)
 Metaspace       used 120208K, committed 121856K, reserved 557056K
  class space    used 16805K, committed 17600K, reserved 425984K
}
Event: 113.842 GC heap after
{Heap after GC invocations=133 (full 0):
 garbage-first heap   total 275456K, used 231559K [0x0000000080000000, 0x0000000100000000)
  region size 1024K, 2 young (2048K), 2 survivors (2048K)
 Metaspace       used 120208K, committed 121856K, reserved 557056K
  class space    used 16805K, committed 17600K, reserved 425984K
}
Event: 113.982 GC heap before
{Heap before GC invocations=133 (full 0):
 garbage-first heap   total 275456K, used 242823K [0x0000000080000000, 0x0000000100000000)
  region size 1024K, 13 young (13312K), 2 survivors (2048K)
 Metaspace       used 120209K, committed 121856K, reserved 557056K
  class space    used 16805K, committed 17600K, reserved 425984K
}
Event: 113.986 GC heap after
{Heap after GC invocations=134 (full 0):
 garbage-first heap   total 275456K, used 232139K [0x0000000080000000, 0x0000000100000000)
  region size 1024K, 2 young (2048K), 2 survivors (2048K)
 Metaspace       used 120209K, committed 121856K, reserved 557056K
  class space    used 16805K, committed 17600K, reserved 425984K
}
Event: 114.075 GC heap before
{Heap before GC invocations=134 (full 0):
 garbage-first heap   total 275456K, used 242379K [0x0000000080000000, 0x0000000100000000)
  region size 1024K, 13 young (13312K), 2 survivors (2048K)
 Metaspace       used 120209K, committed 121856K, reserved 557056K
  class space    used 16805K, committed 17600K, reserved 425984K
}
Event: 114.080 GC heap after
{Heap after GC invocations=135 (full 0):
 garbage-first heap   total 275456K, used 232666K [0x0000000080000000, 0x0000000100000000)
  region size 1024K, 2 young (2048K), 2 survivors (2048K)
 Metaspace       used 120209K, committed 121856K, reserved 557056K
  class space    used 16805K, committed 17600K, reserved 425984K
}
Event: 114.184 GC heap before
{Heap before GC invocations=135 (full 0):
 garbage-first heap   total 275456K, used 243930K [0x0000000080000000, 0x0000000100000000)
  region size 1024K, 13 young (13312K), 2 survivors (2048K)
 Metaspace       used 120209K, committed 121856K, reserved 557056K
  class space    used 16805K, committed 17600K, reserved 425984K
}
Event: 114.871 GC heap after
{Heap after GC invocations=136 (full 0):
 garbage-first heap   total 330752K, used 233244K [0x0000000080000000, 0x0000000100000000)
  region size 1024K, 2 young (2048K), 2 survivors (2048K)
 Metaspace       used 120209K, committed 121856K, reserved 557056K
  class space    used 16805K, committed 17600K, reserved 425984K
}
Event: 115.139 GC heap before
{Heap before GC invocations=136 (full 0):
 garbage-first heap   total 330752K, used 246556K [0x0000000080000000, 0x0000000100000000)
  region size 1024K, 16 young (16384K), 2 survivors (2048K)
 Metaspace       used 120209K, committed 121856K, reserved 557056K
  class space    used 16805K, committed 17600K, reserved 425984K
}
Event: 115.143 GC heap after
{Heap after GC invocations=137 (full 0):
 garbage-first heap   total 330752K, used 233887K [0x0000000080000000, 0x0000000100000000)
  region size 1024K, 2 young (2048K), 2 survivors (2048K)
 Metaspace       used 120209K, committed 121856K, reserved 557056K
  class space    used 16805K, committed 17600K, reserved 425984K
}
Event: 115.292 GC heap before
{Heap before GC invocations=137 (full 0):
 garbage-first heap   total 330752K, used 248223K [0x0000000080000000, 0x0000000100000000)
  region size 1024K, 16 young (16384K), 2 survivors (2048K)
 Metaspace       used 120209K, committed 121856K, reserved 557056K
  class space    used 16805K, committed 17600K, reserved 425984K
}
Event: 115.297 GC heap after
{Heap after GC invocations=138 (full 0):
 garbage-first heap   total 330752K, used 234624K [0x0000000080000000, 0x0000000100000000)
  region size 1024K, 2 young (2048K), 2 survivors (2048K)
 Metaspace       used 120209K, committed 121856K, reserved 557056K
  class space    used 16805K, committed 17600K, reserved 425984K
}
Event: 115.508 GC heap before
{Heap before GC invocations=138 (full 0):
 garbage-first heap   total 330752K, used 248960K [0x0000000080000000, 0x0000000100000000)
  region size 1024K, 16 young (16384K), 2 survivors (2048K)
 Metaspace       used 120211K, committed 121856K, reserved 557056K
  class space    used 16805K, committed 17600K, reserved 425984K
}
Event: 115.512 GC heap after
{Heap after GC invocations=139 (full 0):
 garbage-first heap   total 330752K, used 235349K [0x0000000080000000, 0x0000000100000000)
  region size 1024K, 2 young (2048K), 2 survivors (2048K)
 Metaspace       used 120211K, committed 121856K, reserved 557056K
  class space    used 16805K, committed 17600K, reserved 425984K
}
Event: 116.193 GC heap before
{Heap before GC invocations=139 (full 0):
 garbage-first heap   total 330752K, used 286549K [0x0000000080000000, 0x0000000100000000)
  region size 1024K, 52 young (53248K), 2 survivors (2048K)
 Metaspace       used 120211K, committed 121856K, reserved 557056K
  class space    used 16805K, committed 17600K, reserved 425984K
}
Event: 116.201 GC heap after
{Heap after GC invocations=140 (full 0):
 garbage-first heap   total 330752K, used 236823K [0x0000000080000000, 0x0000000100000000)
  region size 1024K, 4 young (4096K), 4 survivors (4096K)
 Metaspace       used 120211K, committed 121856K, reserved 557056K
  class space    used 16805K, committed 17600K, reserved 425984K
}
Event: 116.941 GC heap before
{Heap before GC invocations=140 (full 0):
 garbage-first heap   total 330752K, used 286999K [0x0000000080000000, 0x0000000100000000)
  region size 1024K, 53 young (54272K), 4 survivors (4096K)
 Metaspace       used 120211K, committed 121856K, reserved 557056K
  class space    used 16805K, committed 17600K, reserved 425984K
}
Event: 116.948 GC heap after
{Heap after GC invocations=141 (full 0):
 garbage-first heap   total 330752K, used 238001K [0x0000000080000000, 0x0000000100000000)
  region size 1024K, 5 young (5120K), 5 survivors (5120K)
 Metaspace       used 120211K, committed 121856K, reserved 557056K
  class space    used 16805K, committed 17600K, reserved 425984K
}

Dll operation events (15 events):
Event: 0.020 Loaded shared library C:\Program Files\Eclipse Adoptium\jdk-17.0.16.8-hotspot\bin\java.dll
Event: 0.120 Loaded shared library C:\Program Files\Eclipse Adoptium\jdk-17.0.16.8-hotspot\bin\jsvml.dll
Event: 0.248 Loaded shared library C:\Program Files\Eclipse Adoptium\jdk-17.0.16.8-hotspot\bin\zip.dll
Event: 0.255 Loaded shared library C:\Program Files\Eclipse Adoptium\jdk-17.0.16.8-hotspot\bin\instrument.dll
Event: 0.265 Loaded shared library C:\Program Files\Eclipse Adoptium\jdk-17.0.16.8-hotspot\bin\net.dll
Event: 0.269 Loaded shared library C:\Program Files\Eclipse Adoptium\jdk-17.0.16.8-hotspot\bin\nio.dll
Event: 0.273 Loaded shared library C:\Program Files\Eclipse Adoptium\jdk-17.0.16.8-hotspot\bin\zip.dll
Event: 0.950 Loaded shared library C:\Program Files\Eclipse Adoptium\jdk-17.0.16.8-hotspot\bin\jimage.dll
Event: 1.530 Loaded shared library C:\Program Files\Eclipse Adoptium\jdk-17.0.16.8-hotspot\bin\verify.dll
Event: 1.647 Loaded shared library C:\Users\Sunny\.gradle\native\1def1411415f61bf3af743bc5b6707747c0891f09f0c88961ee8f79bc544acac\windows-amd64\native-platform.dll
Event: 1.688 Loaded shared library C:\Users\Sunny\.gradle\native\0.2.8\x86_64-windows-gnu\gradle-fileevents.dll
Event: 6.425 Loaded shared library C:\Program Files\Eclipse Adoptium\jdk-17.0.16.8-hotspot\bin\management.dll
Event: 6.433 Loaded shared library C:\Program Files\Eclipse Adoptium\jdk-17.0.16.8-hotspot\bin\management_ext.dll
Event: 7.154 Loaded shared library C:\Program Files\Eclipse Adoptium\jdk-17.0.16.8-hotspot\bin\extnet.dll
Event: 7.928 Loaded shared library C:\Program Files\Eclipse Adoptium\jdk-17.0.16.8-hotspot\bin\sunmscapi.dll

Deoptimization events (20 events):
Event: 118.265 Thread 0x000001d3fb203550 Uncommon trap: trap_request=0xffffffc6 fr.pc=0x000001d3e368f130 relative=0x00000000000015d0
Event: 118.265 Thread 0x000001d3fb203550 Uncommon trap: reason=bimorphic_or_optimized_type_check action=maybe_recompile pc=0x000001d3e368f130 method=org.gradle.internal.snapshot.AbstractStorePathRelationshipHandler.handleAsDescendantOfChild(Lorg/gradle/internal/snapshot/VfsRelativePath;Ljava/lan
Event: 118.265 Thread 0x000001d3fb203550 DEOPT PACKING pc=0x000001d3e368f130 sp=0x0000003edfffc0a0
Event: 118.265 Thread 0x000001d3fb203550 DEOPT UNPACKING pc=0x000001d3e25669a3 sp=0x0000003edfffbf48 mode 2
Event: 118.265 Thread 0x000001d3fb203550 Uncommon trap: trap_request=0xffffffc6 fr.pc=0x000001d3e368f02c relative=0x00000000000014cc
Event: 118.265 Thread 0x000001d3fb203550 Uncommon trap: reason=bimorphic_or_optimized_type_check action=maybe_recompile pc=0x000001d3e368f02c method=org.gradle.internal.snapshot.AbstractStorePathRelationshipHandler.handleAsDescendantOfChild(Lorg/gradle/internal/snapshot/VfsRelativePath;Ljava/lan
Event: 118.265 Thread 0x000001d3fb203550 DEOPT PACKING pc=0x000001d3e368f02c sp=0x0000003edfffbce0
Event: 118.265 Thread 0x000001d3fb203550 DEOPT UNPACKING pc=0x000001d3e25669a3 sp=0x0000003edfffbb88 mode 2
Event: 118.265 Thread 0x000001d3fb203550 Uncommon trap: trap_request=0xffffffc6 fr.pc=0x000001d3e2c41fdc relative=0x0000000000001c5c
Event: 118.265 Thread 0x000001d3fb203550 Uncommon trap: reason=bimorphic_or_optimized_type_check action=maybe_recompile pc=0x000001d3e2c41fdc method=org.gradle.internal.snapshot.AbstractListChildMap.store(Lorg/gradle/internal/snapshot/VfsRelativePath;Lorg/gradle/internal/snapshot/CaseSensitivity
Event: 118.265 Thread 0x000001d3fb203550 DEOPT PACKING pc=0x000001d3e2c41fdc sp=0x0000003edfffb9a0
Event: 118.265 Thread 0x000001d3fb203550 DEOPT UNPACKING pc=0x000001d3e25669a3 sp=0x0000003edfffb9a0 mode 2
Event: 118.265 Thread 0x000001d3fb203550 Uncommon trap: trap_request=0xffffffc6 fr.pc=0x000001d3e3688dd8 relative=0x0000000000001038
Event: 118.265 Thread 0x000001d3fb203550 Uncommon trap: reason=bimorphic_or_optimized_type_check action=maybe_recompile pc=0x000001d3e3688dd8 method=org.gradle.internal.snapshot.AbstractStorePathRelationshipHandler.handleAsDescendantOfChild(Lorg/gradle/internal/snapshot/VfsRelativePath;Ljava/lan
Event: 118.265 Thread 0x000001d3fb203550 DEOPT PACKING pc=0x000001d3e3688dd8 sp=0x0000003edfffbfd0
Event: 118.265 Thread 0x000001d3fb203550 DEOPT UNPACKING pc=0x000001d3e25669a3 sp=0x0000003edfffbf30 mode 2
Event: 118.265 Thread 0x000001d3fb203550 Uncommon trap: trap_request=0xffffffc6 fr.pc=0x000001d3e2c41fdc relative=0x0000000000001c5c
Event: 118.265 Thread 0x000001d3fb203550 Uncommon trap: reason=bimorphic_or_optimized_type_check action=maybe_recompile pc=0x000001d3e2c41fdc method=org.gradle.internal.snapshot.AbstractListChildMap.store(Lorg/gradle/internal/snapshot/VfsRelativePath;Lorg/gradle/internal/snapshot/CaseSensitivity
Event: 118.265 Thread 0x000001d3fb203550 DEOPT PACKING pc=0x000001d3e2c41fdc sp=0x0000003edfffb980
Event: 118.265 Thread 0x000001d3fb203550 DEOPT UNPACKING pc=0x000001d3e25669a3 sp=0x0000003edfffb980 mode 2

Classes loaded (20 events):
Event: 117.219 Loading class org/w3c/dom/CharacterData done
Event: 117.219 Loading class org/w3c/dom/Text
Event: 117.219 Loading class org/w3c/dom/Text done
Event: 117.219 Loading class com/sun/org/apache/xerces/internal/dom/CharacterDataImpl
Event: 117.220 Loading class com/sun/org/apache/xerces/internal/dom/CharacterDataImpl done
Event: 117.220 Loading class com/sun/org/apache/xerces/internal/dom/TextImpl done
Event: 117.221 Loading class com/sun/org/apache/xerces/internal/dom/CharacterDataImpl$1
Event: 117.221 Loading class com/sun/org/apache/xerces/internal/dom/CharacterDataImpl$1 done
Event: 117.221 Loading class com/sun/org/apache/xerces/internal/dom/CommentImpl
Event: 117.221 Loading class org/w3c/dom/Comment
Event: 117.221 Loading class org/w3c/dom/Comment done
Event: 117.221 Loading class com/sun/org/apache/xerces/internal/dom/CommentImpl done
Event: 117.222 Loading class com/sun/org/apache/xerces/internal/dom/AttrImpl
Event: 117.223 Loading class com/sun/org/apache/xerces/internal/dom/AttrImpl done
Event: 117.224 Loading class com/sun/org/apache/xerces/internal/dom/AttributeMap
Event: 117.225 Loading class com/sun/org/apache/xerces/internal/dom/NamedNodeMapImpl
Event: 117.226 Loading class com/sun/org/apache/xerces/internal/dom/NamedNodeMapImpl done
Event: 117.226 Loading class com/sun/org/apache/xerces/internal/dom/AttributeMap done
Event: 117.297 Loading class java/time/Instant$1
Event: 117.298 Loading class java/time/Instant$1 done

Classes unloaded (0 events):
No events

Classes redefined (0 events):
No events

Internal exceptions (20 events):
Event: 110.275 Thread 0x000001d3f7ca84a0 Exception <a 'java/lang/ClassNotFoundException'{0x00000000906ee280}: com/android/build/gradle/tasks/ShaderCompile_DecoratedBeanInfo> (0x00000000906ee280) 
thrown [s\src\hotspot\share\classfile\systemDictionary.cpp, line 256]
Event: 110.277 Thread 0x000001d3f7ca84a0 Exception <a 'java/lang/ClassNotFoundException'{0x00000000906fd010}: com/android/build/gradle/tasks/ShaderCompileBeanInfo> (0x00000000906fd010) 
thrown [s\src\hotspot\share\classfile\systemDictionary.cpp, line 256]
Event: 110.281 Thread 0x000001d3f7ca84a0 Exception <a 'java/lang/ClassNotFoundException'{0x000000009050c238}: com/android/build/gradle/tasks/ShaderCompileCustomizer> (0x000000009050c238) 
thrown [s\src\hotspot\share\classfile\systemDictionary.cpp, line 256]
Event: 110.284 Thread 0x000001d3f7ca84a0 Exception <a 'java/lang/ClassNotFoundException'{0x000000009053a078}: com/android/build/gradle/tasks/ShaderCompile_DecoratedCustomizer> (0x000000009053a078) 
thrown [s\src\hotspot\share\classfile\systemDictionary.cpp, line 256]
Event: 110.738 Thread 0x000001d3f7ca84a0 Exception <a 'java/lang/ClassNotFoundException'{0x00000000909435f0}: com/android/build/gradle/internal/tasks/MergeNativeLibsTask_DecoratedBeanInfo> (0x00000000909435f0) 
thrown [s\src\hotspot\share\classfile\systemDictionary.cpp, line 256]
Event: 110.739 Thread 0x000001d3f7ca84a0 Exception <a 'java/lang/ClassNotFoundException'{0x0000000090952a70}: com/android/build/gradle/internal/tasks/MergeNativeLibsTaskBeanInfo> (0x0000000090952a70) 
thrown [s\src\hotspot\share\classfile\systemDictionary.cpp, line 256]
Event: 110.740 Thread 0x000001d3f7ca84a0 Exception <a 'java/lang/ClassNotFoundException'{0x0000000090961c80}: com/android/build/gradle/internal/tasks/MergeNativeLibsTaskCustomizer> (0x0000000090961c80) 
thrown [s\src\hotspot\share\classfile\systemDictionary.cpp, line 256]
Event: 110.743 Thread 0x000001d3f7ca84a0 Exception <a 'java/lang/ClassNotFoundException'{0x0000000090993578}: com/android/build/gradle/internal/tasks/MergeNativeLibsTask_DecoratedCustomizer> (0x0000000090993578) 
thrown [s\src\hotspot\share\classfile\systemDictionary.cpp, line 256]
Event: 112.134 Thread 0x000001d3fb202b30 Exception <a 'java/lang/ClassNotFoundException'{0x00000000900de018}: org/gradle/process/internal/DefaultExecHandle$ExecResultImplBeanInfo> (0x00000000900de018) 
thrown [s\src\hotspot\share\classfile\systemDictionary.cpp, line 256]
Event: 112.136 Thread 0x000001d3fb202b30 Exception <a 'java/lang/ClassNotFoundException'{0x00000000900f6970}: org/gradle/process/internal/DefaultExecHandle$ExecResultImplCustomizer> (0x00000000900f6970) 
thrown [s\src\hotspot\share\classfile\systemDictionary.cpp, line 256]
Event: 113.390 Thread 0x000001d3fb202b30 Exception <a 'java/lang/NoSuchMethodError'{0x0000000090474688}: static Lcom/android/build/api/variant/BuildConfigField;.<clinit>()V> (0x0000000090474688) 
thrown [s\src\hotspot\share\prims\jni.cpp, line 1112]
Event: 117.017 Thread 0x000001d3fb202620 Exception <a 'java/lang/NoSuchMethodError'{0x0000000093f6c6f8}: static Lcom/android/build/api/variant/impl/ResValueKeyImpl;.<clinit>()V> (0x0000000093f6c6f8) 
thrown [s\src\hotspot\share\prims\jni.cpp, line 1112]
Event: 117.019 Thread 0x000001d3fb202620 Exception <a 'java/lang/NoSuchMethodError'{0x0000000093f7e980}: static Lcom/android/build/api/variant/ResValue;.<clinit>()V> (0x0000000093f7e980) 
thrown [s\src\hotspot\share\prims\jni.cpp, line 1112]
Event: 117.168 Thread 0x000001d3fb202620 Exception <a 'sun/nio/fs/WindowsException'{0x0000000093cf94c0}> (0x0000000093cf94c0) 
thrown [s\src\hotspot\share\prims\jni.cpp, line 516]
Event: 117.170 Thread 0x000001d3fb202620 Exception <a 'sun/nio/fs/WindowsException'{0x0000000093b096c0}> (0x0000000093b096c0) 
thrown [s\src\hotspot\share\prims\jni.cpp, line 516]
Event: 117.359 Thread 0x000001d3fb202620 Exception <a 'sun/nio/fs/WindowsException'{0x0000000093846f40}> (0x0000000093846f40) 
thrown [s\src\hotspot\share\prims\jni.cpp, line 516]
Event: 117.436 Thread 0x000001d3fb203550 Exception <a 'sun/nio/fs/WindowsException'{0x0000000093723b48}> (0x0000000093723b48) 
thrown [s\src\hotspot\share\prims\jni.cpp, line 516]
Event: 117.568 Thread 0x000001d3fb203040 Exception <a 'sun/nio/fs/WindowsException'{0x0000000093654a30}> (0x0000000093654a30) 
thrown [s\src\hotspot\share\prims\jni.cpp, line 516]
Event: 117.635 Thread 0x000001d3fb203040 Exception <a 'sun/nio/fs/WindowsException'{0x0000000093563fa0}> (0x0000000093563fa0) 
thrown [s\src\hotspot\share\prims\jni.cpp, line 516]
Event: 117.685 Thread 0x000001d3fb2053b0 Exception <a 'sun/nio/fs/WindowsException'{0x0000000093426570}> (0x0000000093426570) 
thrown [s\src\hotspot\share\prims\jni.cpp, line 516]

VM Operations (20 events):
Event: 114.075 Executing VM operation: G1CollectForAllocation
Event: 114.080 Executing VM operation: G1CollectForAllocation done
Event: 114.184 Executing VM operation: G1CollectForAllocation
Event: 114.871 Executing VM operation: G1CollectForAllocation done
Event: 115.139 Executing VM operation: G1CollectForAllocation
Event: 115.143 Executing VM operation: G1CollectForAllocation done
Event: 115.292 Executing VM operation: G1CollectForAllocation
Event: 115.297 Executing VM operation: G1CollectForAllocation done
Event: 115.508 Executing VM operation: G1CollectForAllocation
Event: 115.512 Executing VM operation: G1CollectForAllocation done
Event: 116.193 Executing VM operation: G1CollectForAllocation
Event: 116.201 Executing VM operation: G1CollectForAllocation done
Event: 116.941 Executing VM operation: G1CollectForAllocation
Event: 116.948 Executing VM operation: G1CollectForAllocation done
Event: 117.415 Executing VM operation: HandshakeAllThreads
Event: 117.416 Executing VM operation: HandshakeAllThreads done
Event: 118.241 Executing VM operation: ICBufferFull
Event: 118.241 Executing VM operation: ICBufferFull done
Event: 119.252 Executing VM operation: Cleanup
Event: 119.252 Executing VM operation: Cleanup done

Memory protections (0 events):
No events

Nmethod flushes (20 events):
Event: 101.016 Thread 0x000001d3f217e870 flushing  nmethod 0x000001d3dc7dc910
Event: 101.016 Thread 0x000001d3f217e870 flushing  nmethod 0x000001d3dc7f7f90
Event: 101.016 Thread 0x000001d3f217e870 flushing  nmethod 0x000001d3dc84cb90
Event: 101.016 Thread 0x000001d3f217e870 flushing  nmethod 0x000001d3dc84f790
Event: 101.017 Thread 0x000001d3f217e870 flushing  nmethod 0x000001d3dc85ac90
Event: 101.017 Thread 0x000001d3f217e870 flushing  nmethod 0x000001d3dc85d210
Event: 101.017 Thread 0x000001d3f217e870 flushing  nmethod 0x000001d3dc85ef90
Event: 101.017 Thread 0x000001d3f217e870 flushing  nmethod 0x000001d3dc86f690
Event: 101.019 Thread 0x000001d3f217e870 flushing  nmethod 0x000001d3dc968010
Event: 101.019 Thread 0x000001d3f217e870 flushing  nmethod 0x000001d3dc9ca410
Event: 101.019 Thread 0x000001d3f217e870 flushing  nmethod 0x000001d3dc9cf190
Event: 101.020 Thread 0x000001d3f217e870 flushing  nmethod 0x000001d3dca0f810
Event: 101.020 Thread 0x000001d3f217e870 flushing  nmethod 0x000001d3dca26390
Event: 101.021 Thread 0x000001d3f217e870 flushing  nmethod 0x000001d3dcaeee10
Event: 106.301 Thread 0x000001d3f217e870 flushing  nmethod 0x000001d3e33c0610
Event: 106.323 Thread 0x000001d3f217e870 flushing  nmethod 0x000001d3dbb99a90
Event: 106.327 Thread 0x000001d3f217e870 flushing  nmethod 0x000001d3dbdea990
Event: 106.328 Thread 0x000001d3f217e870 flushing  nmethod 0x000001d3dbe4e690
Event: 106.329 Thread 0x000001d3f217e870 flushing  nmethod 0x000001d3dbeb5210
Event: 106.334 Thread 0x000001d3f217e870 flushing  nmethod 0x000001d3dc15b190

Events (20 events):
Event: 98.852 Thread 0x000001d3f217d3f0 Thread added: 0x000001d3f8955070
Event: 101.438 Thread 0x000001d3f8955070 Thread exited: 0x000001d3f8955070
Event: 102.805 Thread 0x000001d3fb201c00 Thread exited: 0x000001d3fb201c00
Event: 102.805 Thread 0x000001d3fb202110 Thread exited: 0x000001d3fb202110
Event: 102.820 Thread 0x000001d3fb1ffda0 Thread exited: 0x000001d3fb1ffda0
Event: 103.251 Thread 0x000001d3f8955b10 Thread exited: 0x000001d3f8955b10
Event: 104.009 Thread 0x000001d3f217d3f0 Thread added: 0x000001d3f89545d0
Event: 105.738 Thread 0x000001d3f89545d0 Thread exited: 0x000001d3f89545d0
Event: 106.574 Thread 0x000001d3f21767c0 Thread added: 0x000001d3f89545d0
Event: 108.694 Thread 0x000001d3fb202b30 Thread exited: 0x000001d3fb202b30
Event: 111.210 Thread 0x000001d3f7ca84a0 Thread added: 0x000001d3fb202b30
Event: 111.293 Thread 0x000001d3fb203040 Thread added: 0x000001d3f89d6f30
Event: 111.524 Thread 0x000001d3f89545d0 Thread exited: 0x000001d3f89545d0
Event: 112.718 Thread 0x000001d3f217d3f0 Thread added: 0x000001d3f89545d0
Event: 113.277 Thread 0x000001d3f89545d0 Thread exited: 0x000001d3f89545d0
Event: 113.318 Thread 0x000001d3f217d3f0 Thread added: 0x000001d3f8955b10
Event: 116.586 Thread 0x000001d3f8955b10 Thread exited: 0x000001d3f8955b10
Event: 117.319 Thread 0x000001d3f217d3f0 Thread added: 0x000001d3f89545d0
Event: 117.408 Thread 0x000001d3f217d3f0 Thread added: 0x000001d3f89555c0
Event: 118.206 Thread 0x000001d3f89555c0 Thread exited: 0x000001d3f89555c0


Dynamic libraries:
0x00007ff682d60000 - 0x00007ff682d6e000 	C:\Program Files\Eclipse Adoptium\jdk-17.0.16.8-hotspot\bin\java.exe
0x00007ff949060000 - 0x00007ff9492c7000 	C:\WINDOWS\SYSTEM32\ntdll.dll
0x00007ff947b90000 - 0x00007ff947c59000 	C:\WINDOWS\System32\KERNEL32.DLL
0x00007ff9461b0000 - 0x00007ff94659f000 	C:\WINDOWS\System32\KERNELBASE.dll
0x00007ff946c80000 - 0x00007ff946dcb000 	C:\WINDOWS\System32\ucrtbase.dll
0x00007ff89f140000 - 0x00007ff89f15e000 	C:\Program Files\Eclipse Adoptium\jdk-17.0.16.8-hotspot\bin\VCRUNTIME140.dll
0x00007ff89f470000 - 0x00007ff89f487000 	C:\Program Files\Eclipse Adoptium\jdk-17.0.16.8-hotspot\bin\jli.dll
0x00007ff947260000 - 0x00007ff947425000 	C:\WINDOWS\System32\USER32.dll
0x00007ff92cee0000 - 0x00007ff92d173000 	C:\WINDOWS\WinSxS\amd64_microsoft.windows.common-controls_6595b64144ccf1df_6.0.26100.7309_none_3e05feeae336a044\COMCTL32.dll
0x00007ff946dd0000 - 0x00007ff946df7000 	C:\WINDOWS\System32\win32u.dll
0x00007ff948c80000 - 0x00007ff948d29000 	C:\WINDOWS\System32\msvcrt.dll
0x00007ff946e70000 - 0x00007ff946e9b000 	C:\WINDOWS\System32\GDI32.dll
0x00007ff946960000 - 0x00007ff946a8c000 	C:\WINDOWS\System32\gdi32full.dll
0x00007ff946bd0000 - 0x00007ff946c73000 	C:\WINDOWS\System32\msvcp_win.dll
0x00007ff947e10000 - 0x00007ff947e41000 	C:\WINDOWS\System32\IMM32.DLL
0x00007ff907500000 - 0x00007ff90750c000 	C:\Program Files\Eclipse Adoptium\jdk-17.0.16.8-hotspot\bin\vcruntime140_1.dll
0x00007ff87d230000 - 0x00007ff87d2bd000 	C:\Program Files\Eclipse Adoptium\jdk-17.0.16.8-hotspot\bin\msvcp140.dll
0x00007ff87c5c0000 - 0x00007ff87d22b000 	C:\Program Files\Eclipse Adoptium\jdk-17.0.16.8-hotspot\bin\server\jvm.dll
0x00007ff9484b0000 - 0x00007ff948564000 	C:\WINDOWS\System32\ADVAPI32.dll
0x00007ff9489d0000 - 0x00007ff948a76000 	C:\WINDOWS\System32\sechost.dll
0x00007ff948740000 - 0x00007ff948858000 	C:\WINDOWS\System32\RPCRT4.dll
0x00007ff948e40000 - 0x00007ff948eb4000 	C:\WINDOWS\System32\WS2_32.dll
0x00007ff93e460000 - 0x00007ff93e495000 	C:\WINDOWS\SYSTEM32\WINMM.dll
0x00007ff93e9c0000 - 0x00007ff93e9cb000 	C:\WINDOWS\SYSTEM32\VERSION.dll
0x00007ff946010000 - 0x00007ff94606e000 	C:\WINDOWS\SYSTEM32\POWRPROF.dll
0x00007ff945ff0000 - 0x00007ff946004000 	C:\WINDOWS\SYSTEM32\UMPDC.dll
0x00007ff944f60000 - 0x00007ff944f7b000 	C:\WINDOWS\SYSTEM32\kernel.appcore.dll
0x00007ff907260000 - 0x00007ff90726a000 	C:\Program Files\Eclipse Adoptium\jdk-17.0.16.8-hotspot\bin\jimage.dll
0x00007ff943850000 - 0x00007ff943a92000 	C:\WINDOWS\SYSTEM32\DBGHELP.DLL
0x00007ff946ed0000 - 0x00007ff947255000 	C:\WINDOWS\System32\combase.dll
0x00007ff948330000 - 0x00007ff948406000 	C:\WINDOWS\System32\OLEAUT32.dll
0x00007ff92cd80000 - 0x00007ff92cdbc000 	C:\WINDOWS\SYSTEM32\dbgcore.DLL
0x00007ff946a90000 - 0x00007ff946b35000 	C:\WINDOWS\System32\bcryptPrimitives.dll
0x00007ff92ff60000 - 0x00007ff92ff6e000 	C:\Program Files\Eclipse Adoptium\jdk-17.0.16.8-hotspot\bin\instrument.dll
0x00007ff87c590000 - 0x00007ff87c5b5000 	C:\Program Files\Eclipse Adoptium\jdk-17.0.16.8-hotspot\bin\java.dll
0x00007ff87c4b0000 - 0x00007ff87c587000 	C:\Program Files\Eclipse Adoptium\jdk-17.0.16.8-hotspot\bin\jsvml.dll
0x00007ff947430000 - 0x00007ff947b83000 	C:\WINDOWS\System32\SHELL32.dll
0x00007ff9465b0000 - 0x00007ff94671a000 	C:\WINDOWS\System32\wintypes.dll
0x00007ff943dd0000 - 0x00007ff94462e000 	C:\WINDOWS\SYSTEM32\windows.storage.dll
0x00007ff948d40000 - 0x00007ff948e35000 	C:\WINDOWS\System32\SHCORE.dll
0x00007ff946e00000 - 0x00007ff946e66000 	C:\WINDOWS\System32\shlwapi.dll
0x00007ff9460d0000 - 0x00007ff9460f9000 	C:\WINDOWS\SYSTEM32\profapi.dll
0x00007ff87c490000 - 0x00007ff87c4a8000 	C:\Program Files\Eclipse Adoptium\jdk-17.0.16.8-hotspot\bin\zip.dll
0x00007ff891160000 - 0x00007ff891179000 	C:\Program Files\Eclipse Adoptium\jdk-17.0.16.8-hotspot\bin\net.dll
0x00007ff93a360000 - 0x00007ff93a488000 	C:\WINDOWS\SYSTEM32\WINHTTP.dll
0x00007ff9454d0000 - 0x00007ff94553b000 	C:\WINDOWS\system32\mswsock.dll
0x00007ff88a8f0000 - 0x00007ff88a906000 	C:\Program Files\Eclipse Adoptium\jdk-17.0.16.8-hotspot\bin\nio.dll
0x00007ff931130000 - 0x00007ff931140000 	C:\Program Files\Eclipse Adoptium\jdk-17.0.16.8-hotspot\bin\verify.dll
0x00007ff922d70000 - 0x00007ff922d97000 	C:\Users\Sunny\.gradle\native\1def1411415f61bf3af743bc5b6707747c0891f09f0c88961ee8f79bc544acac\windows-amd64\native-platform.dll
0x00007ff902c30000 - 0x00007ff902ca7000 	C:\Users\Sunny\.gradle\native\0.2.8\x86_64-windows-gnu\gradle-fileevents.dll
0x00007ff905450000 - 0x00007ff90545a000 	C:\Program Files\Eclipse Adoptium\jdk-17.0.16.8-hotspot\bin\management.dll
0x00007ff9053b0000 - 0x00007ff9053bb000 	C:\Program Files\Eclipse Adoptium\jdk-17.0.16.8-hotspot\bin\management_ext.dll
0x00007ff948d30000 - 0x00007ff948d38000 	C:\WINDOWS\System32\PSAPI.DLL
0x00007ff944a20000 - 0x00007ff944a54000 	C:\WINDOWS\SYSTEM32\IPHLPAPI.DLL
0x00007ff947e00000 - 0x00007ff947e0a000 	C:\WINDOWS\System32\NSI.dll
0x00007ff93f100000 - 0x00007ff93f11e000 	C:\WINDOWS\SYSTEM32\dhcpcsvc6.DLL
0x00007ff93ee50000 - 0x00007ff93ee73000 	C:\WINDOWS\SYSTEM32\dhcpcsvc.DLL
0x00007ff944a60000 - 0x00007ff944b8c000 	C:\WINDOWS\SYSTEM32\DNSAPI.dll
0x00007ff8eb570000 - 0x00007ff8eb579000 	C:\Program Files\Eclipse Adoptium\jdk-17.0.16.8-hotspot\bin\extnet.dll
0x00007ff945790000 - 0x00007ff9457ab000 	C:\WINDOWS\SYSTEM32\CRYPTSP.dll
0x00007ff944ec0000 - 0x00007ff944efa000 	C:\WINDOWS\system32\rsaenh.dll
0x00007ff945580000 - 0x00007ff9455ab000 	C:\WINDOWS\SYSTEM32\USERENV.dll
0x00007ff9460a0000 - 0x00007ff9460ca000 	C:\WINDOWS\SYSTEM32\bcrypt.dll
0x00007ff9457b0000 - 0x00007ff9457bc000 	C:\WINDOWS\SYSTEM32\CRYPTBASE.dll
0x00007ff903410000 - 0x00007ff90341e000 	C:\Program Files\Eclipse Adoptium\jdk-17.0.16.8-hotspot\bin\sunmscapi.dll
0x00007ff946720000 - 0x00007ff946897000 	C:\WINDOWS\System32\CRYPT32.dll
0x00007ff945930000 - 0x00007ff945960000 	C:\WINDOWS\SYSTEM32\ncrypt.dll
0x00007ff9458e0000 - 0x00007ff94591f000 	C:\WINDOWS\SYSTEM32\NTASN1.dll
0x00007ff9279f0000 - 0x00007ff9279f8000 	C:\WINDOWS\system32\wshunix.dll
0x00007ff93e9b0000 - 0x00007ff93e9bb000 	C:\Windows\System32\rasadhlp.dll
0x00007ff93f9b0000 - 0x00007ff93fa36000 	C:\WINDOWS\System32\fwpuclnt.dll

dbghelp: loaded successfully - version: 4.0.5 - missing functions: none
symbol engine: initialized successfully - sym options: 0x614 - pdb path: .;C:\Program Files\Eclipse Adoptium\jdk-17.0.16.8-hotspot\bin;C:\WINDOWS\SYSTEM32;C:\WINDOWS\WinSxS\amd64_microsoft.windows.common-controls_6595b64144ccf1df_6.0.26100.7309_none_3e05feeae336a044;C:\Program Files\Eclipse Adoptium\jdk-17.0.16.8-hotspot\bin\server;C:\Users\Sunny\.gradle\native\1def1411415f61bf3af743bc5b6707747c0891f09f0c88961ee8f79bc544acac\windows-amd64;C:\Users\Sunny\.gradle\native\0.2.8\x86_64-windows-gnu

VM Arguments:
jvm_args: --add-opens=java.base/java.lang=ALL-UNNAMED --add-opens=java.base/java.lang.invoke=ALL-UNNAMED --add-opens=java.base/java.util=ALL-UNNAMED --add-opens=java.prefs/java.util.prefs=ALL-UNNAMED --add-exports=jdk.compiler/com.sun.tools.javac.api=ALL-UNNAMED --add-exports=jdk.compiler/com.sun.tools.javac.util=ALL-UNNAMED --add-opens=java.base/java.util=ALL-UNNAMED --add-opens=java.prefs/java.util.prefs=ALL-UNNAMED --add-opens=java.base/java.nio.charset=ALL-UNNAMED --add-opens=java.base/java.net=ALL-UNNAMED --add-opens=java.base/java.util.concurrent=ALL-UNNAMED --add-opens=java.base/java.util.concurrent.atomic=ALL-UNNAMED --add-opens=java.xml/javax.xml.namespace=ALL-UNNAMED -XX:MaxMetaspaceSize=512m -Xmx2048m -Dfile.encoding=windows-1252 -Duser.country=US -Duser.language=en -Duser.variant -javaagent:C:\Users\Sunny\.gradle\wrapper\dists\gradle-9.0.0-bin\d6wjpkvcgsg3oed0qlfss3wgl\gradle-9.0.0\lib\agents\gradle-instrumentation-agent-9.0.0.jar 
java_command: org.gradle.launcher.daemon.bootstrap.GradleDaemon 9.0.0
java_class_path (initial): C:\Users\Sunny\.gradle\wrapper\dists\gradle-9.0.0-bin\d6wjpkvcgsg3oed0qlfss3wgl\gradle-9.0.0\lib\gradle-daemon-main-9.0.0.jar
Launcher Type: SUN_STANDARD

[Global flags]
     intx CICompilerCount                          = 4                                         {product} {ergonomic}
   size_t CompressedClassSpaceSize                 = 436207616                                 {product} {ergonomic}
     uint ConcGCThreads                            = 2                                         {product} {ergonomic}
     uint G1ConcRefinementThreads                  = 8                                         {product} {ergonomic}
   size_t G1HeapRegionSize                         = 1048576                                   {product} {ergonomic}
    uintx GCDrainStackTargetSize                   = 64                                        {product} {ergonomic}
   size_t InitialHeapSize                          = 232783872                                 {product} {ergonomic}
   size_t MarkStackSize                            = 4194304                                   {product} {ergonomic}
   size_t MaxHeapSize                              = 2147483648                                {product} {command line}
   size_t MaxMetaspaceSize                         = 536870912                                 {product} {command line}
   size_t MaxNewSize                               = 1287651328                                {product} {ergonomic}
   size_t MinHeapDeltaBytes                        = 1048576                                   {product} {ergonomic}
   size_t MinHeapSize                              = 8388608                                   {product} {ergonomic}
    uintx NonNMethodCodeHeapSize                   = 5839372                                {pd product} {ergonomic}
    uintx NonProfiledCodeHeapSize                  = 122909434                              {pd product} {ergonomic}
    uintx ProfiledCodeHeapSize                     = 122909434                              {pd product} {ergonomic}
    uintx ReservedCodeCacheSize                    = 251658240                              {pd product} {ergonomic}
     bool SegmentedCodeCache                       = true                                      {product} {ergonomic}
   size_t SoftMaxHeapSize                          = 2147483648                             {manageable} {ergonomic}
     bool UseCompressedClassPointers               = true                           {product lp64_product} {ergonomic}
     bool UseCompressedOops                        = true                           {product lp64_product} {ergonomic}
     bool UseG1GC                                  = true                                      {product} {ergonomic}
     bool UseLargePagesIndividualAllocation        = false                                  {pd product} {ergonomic}

Logging:
Log output configuration:
 #0: stdout all=warning uptime,level,tags
 #1: stderr all=off uptime,level,tags

Environment Variables:
JAVA_HOME=C:\Program Files\Eclipse Adoptium\jdk-17.0.16.8-hotspot
PATH=D:\native\event\node_modules\.bin;D:\native\event\node_modules\.bin;D:\native\node_modules\.bin;D:\node_modules\.bin;C:\Users\Sunny\AppData\Roaming\npm\node_modules\npm\node_modules\@npmcli\run-script\lib\node-gyp-bin;c:\Users\Sunny\.vscode\extensions\vadimcn.vscode-lldb-1.12.1\bin;c:\Users\Sunny\AppData\Roaming\Code\User\globalStorage\github.copilot-chat\debugCommand;c:\Users\Sunny\AppData\Roaming\Code\User\globalStorage\github.copilot-chat\copilotCli;C:\Program Files\Eclipse Adoptium\jdk-25.0.1.8-hotspot\bin;C:\Program Files\Microsoft\jdk-17.0.17.10-hotspot\bin;C:\Program Files\Eclipse Adoptium\jdk-25.0.1.8-hotspot\\bin;C:\Program Files\MongoDB\Server\6.0\bin;C:\WINDOWS;C:\WINDOWS\System32\Wbem;C:\WINDOWS\System32\WindowsPowerShell\v1.0\;C:\WINDOWS\System32\OpenSSH\;C:\xampp\php;C:\ProgramData\ComposerSetup\bin;C:\mongosh-1.8.2\bin;C:\Windows\System32;C:\Program Files (x86)\Microsoft SQL Server\160\DTS\Binn\;C:\Program Files (x86)\Microsoft SQL Server\160\Tools\Binn\;C:\Program Files\Microsoft SQL Server\160\Tools\Binn\;C:\Program Files\Microsoft SQL Server\Client SDK\ODBC\170\Tools\Binn\;C:\Program Files\Microsoft SQL Server\160\DTS\Binn\;C:\Program Files\Microsoft SQL Server\130\Tools\Binn\;C:\WINDOWS\system32;C:\Program Files\Microsoft SQL Server\150\Tools\Binn\;C:\ProgramData\chocolatey\bin;C:\ProgramData\chocolatey\lib\nodejs-lts\tools\;C:\Users\Sunny\AppData\Local\Android\Sdk\platform-tools;C:\Users\Sunny\AppData\Local\Android\Sdk\emulator;C:\Users\Sunny\AppData\Local\Android\Sdk\tools;C:\Users\Sunny\AppData\Local\Android\Sdk\tools\bin;C:\Program Files\Git\cmd;C:\Program Files\dotnet\;C:\Program Files\cursor\resources\app\bin;C:\Users\Sunny\AppData\Local\nvm;C:\nvm4w\nodejs;C:\Users\Sunny\AppData\Local\Programs\Python\Python38\Scripts\;C:\Users\Sunny\AppData\Local\Programs\Python\Python38\;C:\Users\Sunny\AppData\Local\Microsoft\WindowsApps;C:\Users\Sunny\AppData\Local\Programs\Microsoft VS Code\bin;C:\Users\Sunny\AppData\Roaming\Composer\vendor\bin;C:\Program Files\Git\bin;C:\Users\Sunny\AppData\Local\Android\Sdk;C:\Users\Sunny\AppData\Local\Android\Sdk\platform-tools;C:\Users\Sunny\AppData\Local\Android\Sdk\emulator;C:\Users\Sunny\AppData\Local\Android\Sdk\build-tools;C:\Users\Sunny\AppData\Local\Android\Sdk\platforms;C:\Program Files\Eclipse Adoptium\jdk-11.0.28.6-hotspot\bin;C:\Users\Sunny\dev\flutter_windows_3.29.3-stable\flutter\bin;C:\Users\Sunny\.dotnet\tools;C:\Users\Sunny\AppData\Local\Programs\Windsurf\bin;C:\Users\Sunny\AppData\Roaming\npm;C:\Users\Sunny\AppData\Local\nvm;C:\nvm4w\nodejs
USERNAME=Sunny
LANG=en_US.UTF-8
OS=Windows_NT
PROCESSOR_IDENTIFIER=AMD64 Family 23 Model 24 Stepping 1, AuthenticAMD
TMP=C:\Users\Sunny\AppData\Local\Temp
TEMP=C:\Users\Sunny\AppData\Local\Temp



Periodic native trim disabled


---------------  S Y S T E M  ---------------

OS:
 Windows 11 , 64 bit Build 26100 (10.0.26100.7309)
OS uptime: 0 days 14:04 hours

CPU: total 8 (initial active 8) (8 cores per cpu, 2 threads per core) family 23 model 24 stepping 1 microcode 0x8108109, cx8, cmov, fxsr, ht, mmx, 3dnowpref, sse, sse2, sse3, ssse3, sse4a, sse4.1, sse4.2, popcnt, lzcnt, tsc, tscinvbit, avx, avx2, aes, clmul, bmi1, bmi2, adx, sha, fma, vzeroupper, clflush, clflushopt
Processor Information for all 8 processors :
  Max Mhz: 2100, Current Mhz: 2100, Mhz Limit: 2100

Memory: 4k page, system-wide physical 14207M (992M free)
TotalPageFile size 24447M (AvailPageFile size 0M)
current process WorkingSet (physical memory assigned to process): 674M, peak: 676M
current process commit charge ("private bytes"): 726M, peak: 728M

vm_info: OpenJDK 64-Bit Server VM (17.0.16+8) for windows-amd64 JRE (17.0.16+8), built on Jul 16 2025 10:37:56 by "admin" with MS VC++ 17.7 (VS2022)

END.
